title,year,authors,journal,doi,wos_accession,abstract,source
Cultural ecosystem services in European grasslands: A systematic review of threats,2022,"Pellaton, R; Lellei-Kovács, E; Báldi, A",AMBIO,10.1007/s13280-022-01755-7,WOS:000821372500001,"The degradation of ecosystems threatens the provision of ecosystem services and limits human well-being. This systematic literature review evaluates the threats surrounding cultural ecosystem services (CES), namely recreation and landscape aesthetics in European permanent grasslands. We identified underlying causes, direct threats, consequences and suggested solutions for threat mitigation. The most common threats were land-use and management change processes, followed by social attitude, industrial developments and natural threats. However, recreational activities also created negative feedba",random_sample_395
Magnitude Filter Combined with Mass Filter: A Reliable Strategy to Improve the Reproducibility of ESI-FT-ICR-MS Analysis on the Fingerprint of Dissolved Organic Matter,2022,"Chen, M; Wei, DB; Li, LP; Wang, FP; Du, YG",ANALYTICAL CHEMISTRY,10.1021/acs.analchem.2c00879,WOS:000829793600001,"Dissolved organic matter (DOM) has been used frequently to distinguish different environmental samples based on its abundant fingerprint information. Fourier transform ion cyclotron resonance mass spectrometry (FT-ICR-MS) is the most powerful technique to analyze the complex composition of DOM. Balancing between the reproducibility of peak magnitude and peak diversity is a key factor for achieving reliable and reproducible fingerprint information of DOM with FT-ICR-MS. In this paper, a novel magnitude filter (MGF) method and a novel MS-MGF strategy were proposed to improve the data reproducibi",random_sample_395
Open Science in Developmental Science,2022,"Gennetian, LA; Frank, MC; Tamis-LeMonda, CS",ANNUAL REVIEW OF DEVELOPMENTAL PSYCHOLOGY,10.1146/annurev-devpsych-121020-030705,WOS:001321986800018,"Open science policies have proliferated in the social and behavioral sciences in recent years, including practices around sharing study designs, protocols, and data and preregistering hypotheses. Developmental research has moved more slowly than some other disciplines in adopting open science practices, in part because developmental science is often descriptive and does not always strictly adhere to a confirmatory approach. We assess the state of open science practices in developmental science and offer a broader definition of open science that includes replication, reproducibility, data reuse",random_sample_395
Can protection motivation theory predict pro-environmental behaviour of small rural tourism enterprises? An extended model including community involvement,2022,"Zhu, ZY; Wang, R; Hu, J; Jiang, ZM",ASIA PACIFIC JOURNAL OF TOURISM RESEARCH,10.1080/10941665.2022.2075777,WOS:000809654300001,"This study explained the generation and implementation of pro-environmental behaviour (PEB) of small rural tourism enterprises (SRTEs) based on protection motivation theory (PMT), and discussed the effect of the contextual variable of community involvement on PEB of SRTEs. The results showed that: (a) the vulnerability to risks, severity of risks, response efficacy, and self-efficacy have significant effects on the pro-environmental behavioural intention (PEBI) of SRTEs; (b) SRTEs' PEBI further significantly affects their PEB; and (c) community involvement can not only directly affect the PEB ",random_sample_395
Does sample source matter for theory? Testing model invariance with the influence of presumed influence model across Amazon Mechanical Turk and Qualtrics Panels,2022,"Waddell, TF; Overton, H; McKeever, R",COMPUTERS IN HUMAN BEHAVIOR,10.1016/j.chb.2022.107416,WOS:000860365900009,"Online data collection services are increasingly common for testing mass communication theory. However, how consistent are the theoretical tenets of theory when tested across different online data services? A pre-registered online survey (N = 1546) examined the influence of the presumed influence model across subjects simultaneously recruited from Amazon Mechanical Turk and Qualtrics Panels. Results revealed that model parameters were mostly consistent with the IPI theory regardless of data source. Methodological implications are discussed.",random_sample_395
A mixed methodology for evaluating use of evidence in conservation planning,2022,"Stevens, M; Norris, DR",CONSERVATION BIOLOGY,10.1111/cobi.13876,WOS:000783267400001,"Conservation practitioners widely recognize the importance of making decisions based on the best available evidence. However, the effectiveness of evidence use in conservation planning is rarely assessed, which limits opportunities to improve evidence-based practice. We devised a mixed methodology for empirically evaluating use of evidence that applies social science tools to systematically appraise what kinds of evidence are used in conservation planning, to what effect, and under what limitations. We applied our approach in a case study of the Nature Conservancy of Canada (NCC), a leading la",random_sample_395
"Evaluating the supply-demand balance of cultural ecosystem services with budget expectation in Shenzhen, China",2022,"Wu, JS; Jin, XR; Wang, H; Feng, Z",ECOLOGICAL INDICATORS,10.1016/j.ecolind.2022.109165,WOS:000856282000001,"Sufficient research on cultural ecosystem services (CESs) helps decision makers realize developmental and environmental goals in urban planning, budget allocation, and municipal service provision. The Bayesian belief network (BBN), as a semi-quantitative model, can be used to infer the supply and demand match for CESs. Taking Shenzhen as the study area, we evaluated the CES supply and demand. We used a BBN to simulate the CES supply and demand and identify the key influencing factors affecting the CES budget. CES budget expectations were created to indicate the CES supply and demand balance. T",random_sample_395
Valuing ecosystem services and disservices of blue/green infrastructure. Evidence from a choice experiment in Vietnam,2022,"Toledo-Gallegos, VM; My, NHD; Tuan, TH; Boerger, T",ECONOMIC ANALYSIS AND POLICY,10.1016/j.eap.2022.04.015,WOS:000805060400007,"This paper examines public preferences for developing sponge parks using blue/green infrastructure in Can Tho city, the biggest and fast-growing city in the Vietnamese Mekong Delta. Particularly, the paper assesses the economic value associated with the provision of a set of ecosystem services (flood control, recreational activities, biodiversity) and ecosystem disservices (pest abundance) provided by blue/green infrastructure using a discrete choice experiment. Results indicated that flood control is the most highly valued ecosystem service, followed by recreation and biodiversity. Household ",random_sample_395
The State of Interdependence with Nature Scale: Development and Initial Validation,2022,"Hanley, AW; Deringer, SA; Sneed, JC; Bettmann, JE; Gonzalez-Pons, KM",ECOPSYCHOLOGY,10.1089/eco.2021.0014,WOS:000773572200006,"The three studies reported in this article detail the development of the State of Interdependence with Nature Scale (SINS), a new self-report measure specifically designed to assess momentary fluctuations in feelings of deep connection, or ""oneness,"" with nature. Using exploratory factor analysis, Study 1 (N = 228) identified eight optimally performing items to be retained in the SINS. Using confirmatory factor analysis, Study 2 (N = 126) supported the SINS' unidimensional structure. Using bivariate correlation analysis and linear modeling, Study 3 (N = 73) found the SINS demonstrated strong p",random_sample_395
"A mixed-methods approach to analyse recreational values and implications for management of protected areas: A case study of Cairngorms National Park, UK",2022,"Dick, J; Andrews, C; Orenstein, DE; Teff-Seker, Y; Zulian, G",ECOSYSTEM SERVICES,10.1016/j.ecoser.2022.101460,WOS:000830826000001,"There is often pressure on protected area managers to enhance wild landscapes and protect biodiversity while simultaneously promoting goals such as assuring ongoing provision of ecosystem services and providing for tourist and recreational needs. In the current study, we investigate two tools that may provide different types of management-relevant knowledge on recreation ecosystem services to aid management decisions in a protected area (PA), particularly where such tradeoffs must be considered. We constructed a spatial recreational model of the whole Cairngorms National Park, Scotland (ESTIMA",random_sample_395
"Utilizing a crowdsourced phrasal lexicon to identify cultural ecosystem services in El Cajas National Park, Ecuador",2022,"Kong, IHY; Sarmiento, FO",ECOSYSTEM SERVICES,10.1016/j.ecoser.2022.101441,WOS:000808386700005,"In recent years, social media has been widely utilized to identify cultural ecosystem services (CES) that encapsulate place-dependent non-material values, yet related studies remained in expert-based and single-word lexicons to retrieve such values. Taking online tourism reviews from TripAdvisor and Google Maps for El Cajas National Park in Ecuador as a case study, we propose a novel approach to develop a crowdsourced phrasal lexicon for eight CES. After applying the lexicon to the texts, we filtered CES-positive reviews to find that TripAdvisor showed higher CES frequencies based on greater v",random_sample_395
"Associations between landscape values, self-reported knowledge, and land-use: a public participation GIS assessment",2022,"Zaman, S; Korpilo, S; Horcea-Milcu, AI; Raymond, C",ECOSYSTEMS AND PEOPLE,10.1080/26395916.2022.2052749,WOS:000777835100001,"While previous socio-ecological systems research has shown relationships between local knowledge and the assignment of landscape values, the relationships between value assignment and more nuanced forms of local knowledge remain less understood. This study makes use of public participation geographic information systems (PPGIS), a method for identifying and mapping landscape attributes important to local communities. We use this method to assess the spatial associations between three landscape attributes often overlooked in the PPGIS literature: landscape values, self-reported knowledge about ",random_sample_395
Impact of prenatal exposure to mercury and selenium on neurodevelopmental delay in children in the Japan environment and Children's study using the ASQ-3 questionnaire: A prospective birth cohort,2022,"Kobayashi, S; Itoh, S; Miyashita, C; Bamai, YA; Yamaguchi, T; Masuda, H; Itoh, M; Yamazaki, K; Tamura, N; Hanley, SJB; Ikeda-Araki, A; Saijo, Y; Ito, Y; Iwai-Shimada, M; Yamazaki, S; Kamijima, M; Kishi, R; Japan Environm Childrens Study JEC",ENVIRONMENT INTERNATIONAL,10.1016/j.envint.2022.107448,WOS:000855694700002,"Neurodevelopmental delay is associated with neurodevelopmental disorders. Prenatal metal exposure can potentially cause neurodevelopmental delays in children. This study examines whether prenatal exposure to mercury (Hg) and selenium (Se) is associated with the risk of neurodevelopmental delays in children up to 4 years of age. Children enrolled in a prospective birth cohort of the Japan Environment and Children's Study were examined. Hg and Se levels in maternal (n(child )= 48,731) and cord (n(child )= 3,083) blood were analyzed by inductively coupled plasma-mass spectrometry. Neurodevelopmen",random_sample_395
Altruist Talk May (also) Be Cheap: Revealed Versus Stated Altruism as a Predictor in Stated Preference Studies,2022,"Iversen, EK; Grimsrud, K; Mitani, Y; Lindhjem, H",ENVIRONMENTAL & RESOURCE ECONOMICS,10.1007/s10640-022-00704-y,WOS:000840072200001,"Altruistic preferences have been found to be important for explaining the substantial non-use values identified in numerous stated preference surveys. However, studies analysing the effect of altruism on willingness to pay (WTP) have underestimated the challenges of measuring altruism by stated measures. We exploit a naturally occurring decision domain to investigate the role of altruism in stated preference studies. We employ a novel dataset, collected from an Internet survey panel, that contains respondents' past donations of earned survey coins to charities and use these data to analyse the",random_sample_395
"Psychology, ethics, and research ethics boards",2022,"Sharpe, D; Ziemer, J",ETHICS & BEHAVIOR,10.1080/10508422.2021.2023019,WOS:000738513900001,"Research Ethics Boards (REBs) at universities are chaired and staffed by researchers who serve to enforce codes of ethics by scrutinizing research proposals. Yet there is widespread dissatisfaction with the REB approval process. This article examines the sources of that dissatisfaction, the place for codes of ethics in the conducting of research, the evidence for risk to research participants as the basis for those codes, and the effectiveness of REBs in protecting research participants. We offer suggestions for how REB chairs, members, and researchers can improve the REB approval process so t",random_sample_395
Measurement Invariance of the SOC-13 Sense of Coherence Scale Across Gender and Age Groups,2022,"Grevenstein, D; Bluemke, M",EUROPEAN JOURNAL OF PSYCHOLOGICAL ASSESSMENT,10.1027/1015-5759/a000641,WOS:000747988300008,"Sense of coherence (SOC) describes an individual's ability to deal with life challenges (manageability), comprehend the environment (comprehensibility), and perceive life and its challenges as meaningful (meaningfulness). We examine measurement invariance (MI) of the SOC-13 scale across gender and age groups in a matched sample of N = 1,816 (50% females; age range 16-83 years). A two-factor model, with a common factor for manageability/comprehensibility items and a second factor for meaningfulness items, best represented the SOC-13 in all groups. Full metric, partial scalar, and full strict in",random_sample_395
A questionnaire-based investigation to explore the social and legal implications derived from the use of camera traps for wildlife monitoring and conservation,2022,"Franchini, M; Rullman, S; Claramunt-López, B",EUROPEAN JOURNAL OF WILDLIFE RESEARCH,10.1007/s10344-022-01593-8,WOS:000805926700001,"Camera traps are non-invasive monitoring tools largely used to detect species presence or population dynamics. The use of camera traps for wildlife conservation purposes raises questions about privacy invasion when images of people are taken. Throughout the use of an online questionnaire survey, we assessed the degree of knowledge about social and legal implications derived from the deployment of camera traps. Our results revealed a consistent gap in term of knowledge about legal implications derived by the use of camera traps among respondents. Most of those who were aware of such legislation",random_sample_395
Setting expectations during volunteer recruitment and the first day experience: a preregistered experimental test of the met expectations hypothesis,2022,"Dunlop, PD; Holtrop, D; Kragt, D; Gagné, M; Farid, HM; Luksyte, A",EUROPEAN JOURNAL OF WORK AND ORGANIZATIONAL PSYCHOLOGY,10.1080/1359432X.2022.2070478,WOS:000788995200001,"In a preregistered experimental study that draws from the met expectations hypothesis, we examined how volunteer recruitment messaging can shape expectations of new volunteers prior to their first day, and whether meeting or failing to meet expectations on the first day would affect satisfaction. By experimentally manipulating a recruitment poster, we set either a transactional (i.e., by volunteering, one can learn new skills) or a relational expectation (i.e., one can work in a team). Participants then viewed an experimentally determined vignette that depicted their first day as a volunteer a",random_sample_395
"Factors contributing to anglers' satisfaction and their requests concerning recreational salmonid fisheries management: Insights from a questionnaire survey in strictly regulated, catch-and-release stream fishing areas",2022,"Yamashita, Y; Takagi, Y; Suzuki, K; Struessmann, CA",FISHERIES RESEARCH,10.1016/j.fishres.2022.106464,WOS:000863251100006,"Regional fisheries managers need to consider anglers' satisfaction and requests and balance them with resource conservation when making decisions to promote the sustainability of recreational fisheries. However, there is a marked paucity of information on inland recreational fisheries, particularly in non-Western countries. This study was designed to gain insight on the factors contributing to the anglers' satisfaction and their requests concerning salmonid recreational fisheries management. The approach used was a questionnaire survey of salmonid anglers in two strictly regulated, reservation",random_sample_395
Mapping cultural ecosystem services in the hyper arid environment of south of Jordan,2022,"Albalawneh, A; Al-Assaf, A; Sweity, A; Abu Hammour, W; Kloub, K; Hjazin, A; Kabariti, R; Abu Nowar, L; Tadros, MJ; Aljaafreh, S; Diab, M; Alwidyan, J; Albashbsheh, G; Haddad, N",FRONTIERS IN ENVIRONMENTAL SCIENCE,10.3389/fenvs.2022.866309,WOS:000861870400001,"Cultural ecosystem services (CESs) refer to the non-monetary benefits that nature provides humans. This study aimed to allocate and map the CESs in the hyper arid region at the southern part of Wadi Araba as a unique ecosystem in Jordan. 296 residents were participated in a structured questionnaire. The respondents were prompted to indicate CES by drawing dots on a geo-referenced landscape map corresponding to any areas they considered as CES. The results showed that (81.1%) of the locals practice hiking (71.3%) of locals practice walking, and (66.2%) of the locals visit sand dunes which are a",random_sample_395
A Structural Equation Modeling Approach to Disentangling Regional-Scale Landscape Dynamics in Ghana,2022,"Peeling, JA; Singh, A; Judge, J",FRONTIERS IN ENVIRONMENTAL SCIENCE,10.3389/fenvs.2021.729266,WOS:000747931200001,"Land cover (LC) change is an integrative indicator of changes in ecosystems due to anthropogenic or natural forcings. There is a significant interest in the investigation of spatio-temporal patterns of LC transitions, and the causes and consequences thereof. While the advent of satellite remote sensing techniques have enhanced our ability to track and measure LC changes across the globe, significant gaps remain in disentangling specific factors that influence, or in certain cases, are influenced by, LC change. This study aims to investigate the relative influence of regional-scale bioclimatolo",random_sample_395
Hikers' pro-environmental behavior in national park: Integrating theory of planned behavior and norm activation theory,2022,"Sun, HZ; Zhang, Q; Guo, WF; Lin, KM",FRONTIERS IN FORESTS AND GLOBAL CHANGE,10.3389/ffgc.2022.1068960,WOS:000904798000001,"Hikers' intention for pro-environmental behavior (PEB) directly affects the sustainable development of protected areas, but few studies have been conducted from the perspective of theoretical integration. This study explores the intention of hikers' PEB from the perspective of individual hikers, based on the theory of planned behavior and norm activation theory. Researchers surveyed 456 hikers in Wuyishan National Park, and the data analysis method employed was structural equation modeling. The results demonstrate that the model integrating TPB and NAM was accepted of hikers' PEB in national p",random_sample_395
Integrating teacher data literacy with TPACK: A self-report study based on a novel framework for teachers' professional development,2022,"Cui, YL; Zhang, H",FRONTIERS IN PSYCHOLOGY,10.3389/fpsyg.2022.966575,WOS:000868569000001,"While teachers' knowledge is widely viewed as a key aspect of professional development in the new era, little research attention has been paid to one of its key components: teacher data literacy. Accordingly, this study aimed to combine teacher data literacy with TPACK (technological pedagogical content knowledge), a widely-used framework for understanding and assessing teachers' knowledge. We first used qualitative methods to develop this integrated framework, then distributed a quantitative self-report survey based on the framework to teachers, and analyzed the resulting data. The qualitativ",random_sample_395
Climate Change Anxiety Assessment: The Psychometric Properties of the Polish Version of the Climate Anxiety Scale,2022,"Larionow, P; Soltys, M; Izdebski, P; Mudlo-Glagolska, K; Golonka, J; Demski, M; Rosinska, M",FRONTIERS IN PSYCHOLOGY,10.3389/fpsyg.2022.870392,WOS:000802283800001,"The Climate Anxiety Scale (CAS) is a 13-item questionnaire for assessing climate anxiety (CA) as a psychological response to climate change. The CAS consists of two subscales, namely, cognitive impairment and functional impairment. This study aimed to validate the Polish version of the CAS. The sample included 603 respondents (344 females, 247 males, and 12 non-binary), aged 18-70 years (M = 25.32, SD = 9.59). Based on the exploratory factor analysis results, we proposed a 3-factor solution (i.e., intrusive symptoms, reflections on CA, and functional impairment), which seems to be theoreticall",random_sample_395
Employees buying organic food intention: An extension of the theory of planned behavior,2022,"Jiang, MM; Wu, Q",FRONTIERS IN PSYCHOLOGY,10.3389/fpsyg.2022.1054166,WOS:000880627800001,"A gradual increase in population and urbanization has increased the demand for global resources, which ultimately burdens the depletion of resources and challenges environmental sustainability worldwide. In recent decades, nature sustainability has been the biggest challenge encountered by humankind. In addition, the changing lifestyle and consumption patterns have enormously played a key role. However, the consumption pattern from the employee's perspective suffers from the lack of research. Therefore, grounded on the theory of planned behavior (TPB), this research explores the antecedents an",random_sample_395
Climate change opportunities reduce farmers' risk perception: Extension of the value-belief-norm theory in the context of Finnish agriculture,2022,"Sorvali, J; Liu, X; Kaseva, J",FRONTIERS IN PSYCHOLOGY,10.3389/fpsyg.2022.939201,WOS:000872592300001,"Global agriculture faces severe challenges due to climate change. For boreal agriculture, climate change might also bring opportunities as the growing season lengthens, if the risks of climate change are managed properly. Agricultural production is a source of greenhouse gases, while agricultural land has also a great possibility to mitigate climate change as a carbon sink. Farmers are the central group for implementing these actions. Their views and beliefs contribute to their corresponding pro-environmental agricultural behavior. This research is based on the theory of value-belief-norm (VBN",random_sample_395
Explaining Pre-service Teachers' Intentions to Use Technology-Enabled Learning: An Extended Model of the Theory of Planned Behavior,2022,"Hou, MD; Lin, YG; Shen, YF; Zhou, H",FRONTIERS IN PSYCHOLOGY,10.3389/fpsyg.2022.900806,WOS:000837238300001,"This study proposed an extended theory of planned behavior (TPB) to examine the factors that influence pre-service teachers' intention to use technology-enabled learning, using constructivist pedagogical beliefs (CPB) and information and communication technologies (ICT) competencies as antecedent variables for attitudes, subjective norms (SNs), and perceived behavioral control. An online study was conducted with a random sample of pre-service teachers from 7 universities in China, and 811 validated questionnaires were obtained. The results showed that the extended TPB model explained 75% of th",random_sample_395
Examining the moderating role of technostress and compatibility in EFL Learners' mobile learning adoption: A perspective from the theory of planned behaviour,2022,"Wang, Q; Zhao, GQ; Cheng, Z",FRONTIERS IN PSYCHOLOGY,10.3389/fpsyg.2022.919971,WOS:000844024300001,"Mobile English learning has multiple advantages and brings enormous benefits to EFL learners. However, not everyone adopts it, and the determinants of learners' adoption intention have not yet been investigated fully. This study aimed to better understand learners' adoption by employing the theory of planned behaviour (TPB) in conjunction with the influences of technostress and compatibility. Based on existing literature, a research model was proposed and verified with a sample of 409 undergraduates from a Chinese university. The results indicated that in the context of mobile English learning",random_sample_395
Founder Management and Innovation: An Empirical Analysis Based on the Theory of Planned Behavior and Fuzzy-Set Qualitative Comparative Analysis,2022,"Ma, CA; Xiao, R; Chang, HY; Song, GR",FRONTIERS IN PSYCHOLOGY,10.3389/fpsyg.2022.827448,WOS:000765940100001,"Based on the expanded theory of planned behavior, this study first explores the configuration relationship between founder management and innovation by using the fuzzy-set qualitative comparative analysis (fsQCA). Based on the theory of planned behavior, this study divides the behavior intention of founders into three categories: Attitude, subjective norm, and perceived behavior control. Using fsQCA, we found that there are two ways to achieve high innovation input of enterprises. In combination with the two ways, the factors such as male and highly educated founder, and large firm size can ef",random_sample_395
What drives farmers to use conservation agriculture? Application of mediated protection motivation theory,2022,"Bazrafkan, K; Valizadeh, N; Khannejad, S; Kianmehr, N; Bijani, M; Hayati, D",FRONTIERS IN PSYCHOLOGY,10.3389/fpsyg.2022.991323,WOS:000904896200001,"Conservation agriculture is an approach for managing agricultural ecosystems, improving productivity, increasing benefits and food security, and preserving resources and the environment. The core purpose of this study was to analyze the constructs affecting the intention to use conservation agriculture measures. For this purpose, protection motivation theory was applied as the theoretical framework. Validation of the model was done using a cross-sectional survey among Iranian farmers, and SMART PLS software was used to test the hypotheses. The results showed that the direct effects of the five",random_sample_395
Predicting College Students' Adoption of Technology for Self-Directed Learning: A Model Based on the Theory of Planned Behavior With Self-Evaluation as an Intermediate Variable,2022,"Tzeng, SY; Lin, KY; Lee, CY",FRONTIERS IN PSYCHOLOGY,10.3389/fpsyg.2022.865803,WOS:000799586000001,"Many studies assume a significant relationship between intention and behavior. However, the data do not always support this assumption. This study used a modified version of social cognitive theory with self-evaluations as an intermediate variable to explore and resolve the problems associated with applying the theory of planned behavior to explain students' adoption of technology for self-directed learning. We surveyed 285 college students who enrolled in an e-book publishing course using multifaceted technological learning tools. We found that, as an intermediate variable, self-evaluation en",random_sample_395
The Effect of Psychological Capital and Role Conflict on the Academic Entrepreneurial Intents of Chinese Teachers in Higher Education: A Study Based on the Theory of Planned Behavior,2022,"Liao, K; Liu, ZY; Li, B",FRONTIERS IN PSYCHOLOGY,10.3389/fpsyg.2022.793408,WOS:000779086200001,"Because academic entrepreneurship is an innovation driving force in China's economy, teachers are key knowledge creators in the process of entrepreneurship. Therefore, it is particularly important to give attention to the individual psychological mechanism factors at play in the process of teachers in higher education academic entrepreneurship. The purpose of this study is to identify individual psychological capital and role conflict issues among university teachers in China. To accomplish this aim, we investigated the emergence of positive academic entrepreneurial intents, continued through ",random_sample_395
German Laypeople's Willingness to Donate Toward Insect Conservation: Application of an Extended Protection Motivation Theory,2022,"Doerge, L; Buescher, M; Drews, J; Eylering, A; Fiebelkorn, F",FRONTIERS IN PSYCHOLOGY,10.3389/fpsyg.2021.773913,WOS:000747926500001,"It is essential to engage the public in conservation measures to conserve insects. We investigate the Protection Motivation Theory (PMT), as well as knowledge, attitudes, and sociodemographic variables (gender, age, education level, and income) as predictors of willingness to donate (WTD) and actual donations to insect conservation for a representative German sample (N = 515; M-Age = 49.36, SD = 16.73; female = 50.1%). The PMT subcomponents severity, self-efficacy, and response efficacy, as well as attitudes toward insects, income, and education level, significantly predicted WTD. In contrast,",random_sample_395
"Hunt-Vitell's General Theory of Marketing Ethics Predicts ""Attitude-Behaviour"" Gap in Pro-environmental Domain",2022,"Zaikauskaité, L; Butler, G; Helmi, NFS; Robinson, CL; Treglown, L; Tsivrikos, D; Devlin, JT",FRONTIERS IN PSYCHOLOGY,10.3389/fpsyg.2022.732661,WOS:000771602500001,"The inconsistency between pro-environmental attitudes and behaviours, known as the ""attitude-behaviour"" gap, is exceptionally pronounced in scenarios associated with ""green"" choice. The current literature offers numerous explanations for the reasons behind the ""attitude-behaviour"" gap, however, the generalisability of these explanations is complex. In addition, the answer to the question of whether the gap occurs between attitudes and intentions, or intentions and behaviours is also unknown. In this study, we propose the moral dimension as a generalisable driver of the ""attitude-behaviour"" gap",random_sample_395
Critical success factors for adopting green supply chain management and clean innovation technology in the small and medium-sized enterprises: A structural equation modeling approach,2022,"Maqsood, S; Zhou, Y; Lin, XT; Huang, S; Jamil, I; Shahzad, K",FRONTIERS IN PSYCHOLOGY,10.3389/fpsyg.2022.1008982,WOS:000886341500001,"Organizational sustainability in the form of environmental management and sustainable production is becoming more important for small and medium-sized enterprises (SMEs) throughout the world. This research evaluates the factors affecting the understanding of the CEO's and managers' intention to adopt practices of green supply chain management (GSCM) and clean innovation technology (CIT) in the manufacturing SMEs of Pakistan. This empirical research identifies key determinants influencing the adoption of GSCM practices. Using structural equation modeling (SEM), we selected a sample size of 350 ",random_sample_395
Trust in Scholarly Communications and Infrastructure: Indigenous Data Sovereignty,2022,"Ruckstuhl, K",FRONTIERS IN RESEARCH METRICS AND ANALYTICS,10.3389/frma.2021.752336,WOS:001379245700001,"Many Indigenous people have a deep mistrust of research, with some describing research as one of the ""dirtiest"" words in Indigenous language. The histories and experiences behind such mistrust are long and painful. Given what has been perceived as Indigenous objectification at the hands of largely Anglo-European others for research from which they fail to benefit, many communities now refuse research unless it is undertaken under certain, Indigenous-defined circumstances. Such refusal is a move away from others purposes and a move towards autonomy and self-determination. For some, this is a st",random_sample_395
Role of public space design on the perception of historical environment: A pilot study in Amasya,2022,"Birer, E; Adem, PC",FRONTIERS OF ARCHITECTURAL RESEARCH,10.1016/j.foar.2021.09.003,WOS:000737131600002,"The experience, perception, awareness, and appreciation of the environment created by public spaces are important elements of urban design. In this context, a strong link exists between perception, public spaces, and historical cities. Amasya is one of the multilayered historical cities in Anatolia. Amasya's holistic urban texture, close relationship with the river, and public spaces are associated with both the Iris River and the historical texture. This pilot study examines the Yaliboyu Promenade, a contemporary open public space designed along the river and across the historical texture in ",random_sample_395
Geodiversity Supports Cultural Ecosystem Services: an Assessment Using Social Media,2022,"Fox, N; Graham, LJ; Eigenbrod, F; Bullock, JM; Parks, KE",GEOHERITAGE,10.1007/s12371-022-00665-0,WOS:000757367500001,"Geodiversity is under threat from both anthropogenic activities and environmental change which therefore requires active management in the form of geoconservation to minimise future damage. As research on the role of geodiversity on ecosystem service (ES) provision has been limited, there is a need to improve our understanding of which aspects are most important to providing ES to better inform approaches to its conservation. Here, we focus on the cultural ES of hiking in Wales, UK. Harnessing big data from the social media website Flickr, we used the locations of geotagged images of hiking an",random_sample_395
"Residents' behavioral intention to participate in neighborhood micro-renewal based on an extended theory of planned behavior: A case study in Shanghai, China",2022,"Tang, DZ; Gong, XY; Liu, ML",HABITAT INTERNATIONAL,10.1016/j.habitatint.2022.102672,WOS:000884294700002,"Neighborhood micro-renewal (NMIR) plays a critical role in revitalizing old neighborhoods and urban sustainability. Public participation has attracted widespread concern to satisfy the multiple demands for social governance in China. Prior studies have underlined the promotion of communal participation, whereas collective characteristics and individual intentions of public behavior have been largely neglected. This study investigates determinants of residents' participation intention and behavior in a framework that incorporates the theory of planned behavior (TPB) and the expectation-confirma",random_sample_395
Extending the Theory of Planned Behavior: A Case of Learning Chinese as a Third Language,2022,"Rahman, F; Mahmud, I; Jiang, BQ; Sarker, K",INTERNATIONAL JOURNAL OF INSTRUCTION,10.29333/iji.2022.15154a,WOS:000762763500055,"Language has always been considered the most effective medium of communication among humans to express their thoughts, opinions, and emotions. As a consequence of globalization, a lot of people end up living, studying, working, and travelling in countries where both their first and the second languages may not be used. This situation creates a need for learning a third language (L3) considering proficiency in first (native) and second (presumably English) languages. Numerous studies have been conducted on L2 and a lot in the field of L3. However, this study found a scope to research specifical",random_sample_395
Measurement equivalence in probability and nonprobability online panels,2022,"Einarsson, H; Sakshaug, JW; Cernat, A; Cornesse, C; Blom, AG",INTERNATIONAL JOURNAL OF MARKET RESEARCH,10.1177/14707853221085206,WOS:000783877500001,"Nonprobability online panels are commonly used in the social sciences as a fast and inexpensive way of collecting data in contrast to more expensive probability-based panels. Given their ubiquitous use in social science research, a great deal of research is being undertaken to assess the properties of nonprobability panels relative to probability ones. Much of this research focuses on selection bias, however, there is considerably less research assessing the comparability (or equivalence) of measurements collected from respondents in nonprobability and probability panels. This article contribu",random_sample_395
Assessments made easier: examining the use of a rating-based questionnaire to capture behavioral data in rehabilitant orangutans (Pongo pygmaeus morio),2022,"Rocque, F; Chotard, H; Bard, K; Micheletta, J; Tuuga, A; Alsisto, S; Davila-Ross, M",INTERNATIONAL JOURNAL OF PRIMATOLOGY,10.1007/s10764-022-00299-7,WOS:000805886100001,"Rehabilitation and release are commonly used for confiscated, surrendered, and rescued primates. To improve release efficacy it is important to generate accurate behavioral profiles of release candidates. Research on primates traditionally uses observer ratings to measure individual differences. This method is easily implemented, but its validity has been questioned. We evaluated whether observer ratings reflect behavioral data indicating forest adaptation in 18 free-ranging rehabilitant orangutans (Pongo pygmaeus morio). In 2017, we used a species-specific questionnaire to measure how often o",random_sample_395
RAT-RS: a reporting standard for improving the documentation of data use in agent-based modelling,2022,"Achter, S; Borit, M; Chattoe-Brown, E; Siebers, PO",INTERNATIONAL JOURNAL OF SOCIAL RESEARCH METHODOLOGY,10.1080/13645579.2022.2049511,WOS:000776200900001,"This article describes and justifies a reporting standard to improve data use documentation in Agent-Based Modelling. Following the development of reporting standards for models themselves, empirical modelling has now developed to the point where these standards need to take equally effective account of data use (which previously has tended to be an afterthought to model description). It is particularly important that a standard should allow the reporting of the different uses to which data may be put (specification, calibration and validation), but also that it should be compatible with the i",random_sample_395
Survey with Innovations to Increase Response Rate Reveals Low Compliance with Guidelines among Youth Baseball Coaches - Including a Survey of Differences between Cities,2022,"Kaizu, Y; Oyama, Y; Ishihara, Y; Honma, Y",INTERNATIONAL JOURNAL OF SPORTS PHYSICAL THERAPY,10.26603/001c.32978,WOS:000782614400010,Background,random_sample_395
Can you see opportunity knocking? An examination of technology-based political skill on opportunity recognition in online communities for MTurk workers,2022,"Di Gangi, PM; McAllister, CP; Howard, JL; Thatcher, JB; Ferris, GR",INTERNET RESEARCH,10.1108/INTR-03-2021-0175,WOS:000747291700001,"Purpose Political skill has emerged as a concept of interest within the information systems literature to explain individual performance outcomes. The purpose of this paper is to adapt political skill to technology-mediated contexts. Specifically, the authors seek to understand political skill's role in shaping microtask workers' opportunity recognition when utilizing online communities in microtask work environments. Design/methodology/approach The authors tested their research model using a survey of 348 Amazon Mechanical Turk (MTurk) workers who participate in microtask-related online commu",random_sample_395
From value perception to behavioural intention: Study of Chinese smallholders? pro-environmental agricultural practices,2022,"Cao, H; Li, F; Zhao, K; Qian, C; Xiang, T",JOURNAL OF ENVIRONMENTAL MANAGEMENT,10.1016/j.jenvman.2022.115179,WOS:000802755800004,"Internal motivation is a crucial factor determining an individual's behaviour, particularly relevant to smallholders' adoption of pro-environmental agricultural practices. However, there has been limited evidence about smallholders' behavioural intention formation, specifically focusing on pro-environmental agricultural practices. Using large-scale, in-depth interview data from a sample of 549 rural farmers in Shandong province in China, we developed an integrated socio-psychological model, which integrated the value-belief-norm (VBN) theory and the theory of planned behaviour (TPB) into a coh",random_sample_395
Measuring pro-environmental orientation: Testing and building scales,2022,"Sparks, AC; Ehret, PJ; Brick, C",JOURNAL OF ENVIRONMENTAL PSYCHOLOGY,10.1016/j.jenvp.2022.101780,WOS:000791271800008,"A pro-environmental orientation is theorized to be an important predictor of public and private proenvironmental behavior. As such, measuring pro-environmental orientation is an important component in environmental psychology and politics research. In this paper, we assess two well-established scales, the New Ecological Paradigm (NEP) and the Connectedness to Nature Scale (CNS), on how well they measure the underlying construct of pro-environmental orientation. The items of these scales offer strong face validity, but mainly from a politically left tradition, which may reduce validity among po",random_sample_395
Does the Survey Mode Affect the Association Between Subjective Well-being and its Determinants? An Experimental Comparison Between Face-to-Face and Web Mode,2022,"Piccitto, G; Liefbroer, AC; Emery, T",JOURNAL OF HAPPINESS STUDIES,10.1007/s10902-022-00553-y,WOS:000825242200001,"Subjective well-being research increasingly uses web surveys to understand how subjective well-being indicators are related to other concepts of interest. Although we know that mean scores on these indicators may differ between modes, we know little about whether a move to web will influence the conclusions we draw about our conceptual models. This study uses data from a unique mixed-mode survey collected in Croatia and Germany as part of the Generations and Gender Programme to examine whether the relationships between a range of subjective well-being indicators and a set of objective and subj",random_sample_395
Questionable research practices among researchers in the most research-productive management programs,2022,"Kepes, S; Keener, SK; McDaniel, MA; Hartman, NS",JOURNAL OF ORGANIZATIONAL BEHAVIOR,10.1002/job.2623,WOS:000772736400001,"Questionable research practices (QRPs) among researchers have been a source of concern in many fields of study. QRPs are often used to enhance the probability of achieving statistical significance which affects the likelihood of a paper being published. Using a sample of researchers from 10 top research-productive management programs, we compared hypotheses tested in dissertations to those tested in journal articles derived from those dissertations to draw inferences concerning the extent of engagement in QRPs. Results indicated that QRPs related to changes in sample size and covariates were a",random_sample_395
Cultural practices and organizational ethnography: implications for fieldwork and research ethics,2022,"Alshallaqi, M",JOURNAL OF ORGANIZATIONAL ETHNOGRAPHY,10.1108/JOE-06-2021-0036,WOS:000773962400001,"Purpose This study focuses on the practical and ethical implications of the cultural practice of wasta for organizational ethnography in the Middle East. Wasta is a form of intercession rooted in the Middle Eastern cultural context and is similar to other cultural practices such as ""guanxi"" in China. Such practices do not only shape organizational lives in those contexts, but also how organizational ethnographies are designed and carried out. Design/methodology/approach The data in this study are derived from field notes and the author's reflections on the fieldwork of an organizational ethnog",random_sample_395
A Test of Protection Motivation Theory in the Information Security Literature: A Meta-Analytic Structural Equation Modeling Approach,2022,"Mou, J; Cohen, J; Bhattacherjee, A; Kim, J",JOURNAL OF THE ASSOCIATION FOR INFORMATION SYSTEMS,10.17705/1jais.00723,WOS:000742855500006,"Information security is one of the important domains of information systems research today, with protection motivation theory (PMT) one of its most influential theoretical lenses. However, empirical findings based on PMT are often inconsistent and inconclusive. To reconcile these inconsistent findings, we conducted a meta-analysis to investigate the relationships among PMT constructs while also considering additional contextual constructs that are not specified in PMT. Ninety-two published studies were meta-analyzed and estimated using structural equation modeling. Our results provide support ",random_sample_395
"Relational Values of Cultural Ecosystem Services in an Urban Conservation Area: The Case of Table Mountain National Park, South Africa",2022,"Brill, GC; Anderson, PML; O'Farrell, P",LAND,10.3390/land11050603,WOS:000801317500001,"This paper assesses how residents of a developing city in the Global South, recognize and value the multiple diverse cultural ecosystem services associated with freshwater ecosystems, as provided by different landscape features originating in an urban protected area. This objective was achieved by establishing who benefits from freshwater ecosystem services, uncovering the spatial and temporal relationships these beneficiaries have with landscape features, and determining the relational nature of ecosystem service values, benefits and trade-offs as experienced by the different users. Recreatio",random_sample_395
Regional Differentiations of the Potential of Cultural Ecosystem Services in Relation to Natural Capital-A Case Study in Selected Regions of the Slovak Republic,2022,"Makovníková, J; Kolosta, S; Flaska, F; Pálka, B",LAND,10.3390/land11020270,WOS:000765091100001,"Cultural ecosystem services (ES) require a multidisciplinary approach. The aim of the study was to evaluate regional differences in the values of cultural ES in relation to natural capital in four small pilot regions of the Slovak Republic using a matrix system. The article is an approximation of the connection of the biophysical method of evaluation (matrix system) of cultural ES of natural capital with geospatial data at the regional level in the Slovak Republic. Within the natural potential of the ES cultural categories, we evaluated recreation and tourism, landscape character and aesthetic",random_sample_395
Extending the Theory of Planned Behavior with the Self-Congruity Theory to Predict Tourists' Pro-Environmental Behavioral Intentions: A Two-Case Study of Heritage Tourism,2022,"Rao, XJ; Qiu, HL; Morrison, AM; Wei, W",LAND,10.3390/land11112069,WOS:000895310200001,"Tourists' pro-environmental behaviors are critical to the conservation of cultural landscape heritage and for the sustainability of heritage tourism. Applying the theories of planned behavior (TPB) and self-congruity, this research explained the formation of tourists' pro-environmental behavioral intentions (TPEBI). A total of 342 effective responses were gathered at a heritage destination, while another set of data was collected from a historic cultural destination for cross-validation (n = 345). The findings indicated that: (1) there are direct and positive associations between TPEBI and att",random_sample_395
Confirmatory Analysis of the Effect of Socioeconomic Factors on Ecosystem Service Value Variation Based on the Structural Equation Model-A Case Study in Sichuan Province,2022,"Cui, Y; Lan, HF; Zhang, XS; He, Y",LAND,10.3390/land11040483,WOS:000786218500001,"Understanding the regional distribution characteristics of ecological service values (ESV) and their driving factors can provide background information and scientific basis for regional environmental protection policy. This paper adopted the revised equivalent factor method to calculate the ESV of Sichuan province in 2015 and 2020, and the spatial distribution and variation characteristics of the ESV were identified accordingly. Then, the structural equation model (SEM) was used to explore the effects of socioeconomic factors on ESVs in Sichuan Province. The results show that the ESV in Sichua",random_sample_395
Research on the Perception of Cultural Ecosystem Services in Urban Parks via Analyses of Online Comment Data,2022,"Jiang, QZ; Wang, GX; Liang, XY; Liu, N",LANDSCAPE ARCHITECTURE FRONTIERS,10.15302/J-LAF-1-020072,WOS:000986950800003,"Urban parks are an important part of urban ecosystems and can provide beneficial cultural ecosystem services (CES) to urban residents. The integration of geospatial and online comment data and relevant data mining have become a mainstream approach to the research on CES perception. This paper takes 10 typical urban parks in the central districts of Jinan, China as examples, and collects park users' online comment data from tourism websites. Based on content analysis, high-frequency CES perception words and their perception frequencies are obtained to reveal the disparity of CES perception in d",random_sample_395
Is disability a conditioning factor to perceive cultural ecosystem services? Assessing social perception in a coastal protected dunefield,2022,"Santana-Santana, SB; Marrero-Rodríguez, N; García-Romero, L; Peña-Alonso, C; Espino, EPC",OCEAN & COASTAL MANAGEMENT,10.1016/j.ocecoaman.2022.106298,WOS:000874774500006,"Cultural ecosystem services (CESs) can be defined as the non-material benefits that people obtain from ecosystems. Little research has been conducted on the measurement and assessment of CESs through user perception, especially when the focus is on people with disabilities. The aim of this research is therefore to determine the CESs in a study area and to evaluate their perception by users, especially those with disabilities. The chosen study area is a dunefield with protected status that is typically used as a tourism resource. Located in the south of Gran Canaria (Canary Islands, Spain), the",random_sample_395
Development of a self-report instrument for measuring online teaching practices and discussion facilitation,2022,"DeCamp, W; Horvitz, B; Garza Mitchell, RL; Kowalske, MG; Singleton, C",PLOS ONE,10.1371/journal.pone.0275880,WOS:000908422200075,"Online learning in higher education has been increasing for many years. This is happening across all of higher education and it is happening more specifically within STEM fields. The growth of online learning has significantly accelerated the past couple of years during the COVID-19 pandemic as colleges and universities have sought ways to continue educating students while also keeping students, faculty and staff safe. As result, many college faculty and instructors across all fields of study including STEM fields have made and continue to make the transition to teaching online for the first t",random_sample_395
Predictors of uncircumcised primary school girls' intention to genital cutting in South Ethiopia: Application of theory of planned behavior,2022,"Haile, S; Sullamo, D; Ejajo, T; Teshome, F; Kebede, Y",PLOS ONE,10.1371/journal.pone.0270738,WOS:000892027900247,Background,random_sample_395
Little Evidence for Consistent Initial Elevation Bias in Self-Reported Momentary Affect: A Coordinated Analysis of Ecological Momentary Assessment Studies,2022,"Cerino, ES; Schneider, S; Stone, AA; Sliwinski, MJ; Mogle, J; Smyth, JM",PSYCHOLOGICAL ASSESSMENT,10.1037/pas0001108,WOS:000755959900001,"Response bias characterized by decreases in self-reported subjective states when measured repeatedly over short time-frames is a potential concern in social science. Recent work suggests that this initial elevation bias (IEB) is pronounced among young adult students' self-reports of affect when using ambulatory methods, but it is unclear if such bias extends broadly across samples, designs, and constructs. We examined the conditions wherein reliable and robust IEB may manifest by conducting a coordinated analysis of seven ecological momentary assessment (EMA) studies with diverse lifespan samp",random_sample_395
"Conducting a Meta-Analysis in the Age of Open Science: Tools, Tips, and Practical Recommendations",2022,"Moreau, D; Gamble, B",PSYCHOLOGICAL METHODS,10.1037/met0000351,WOS:000869707500010,"Psychology researchers are rapidly adopting open science practices, yet clear guidelines on how to apply these practices to meta-analysis remain lacking. In this tutorial, we describe why open science is important in the context of mew-analysis in psychology, and suggest how to adopt the 3 main components of open science: preregistration. open materials, and open data. We first describe how to make the preregistration as thorough as possible-and how to handle deviations from the plan. We then focus on creating easy-to-read materials (e.g., search syntax, R scripts) to facilitate reproducibilit",random_sample_395
New Psychometric Evidence of a Bifactor Structure of the Emotional Regulation Questionnaire (ERQ) in Ecuadorian College Students,2022,"Moreta-Herrera, R; Perdomo-Pérez, M; Vaca-Quintana, D; Sánchez-Vélez, H; Camacho-Bonilla, P; de la Bandera, FV; Dominguez-Lara, S; Caycho-Rodríguez, T",PSYCHOLOGY IN RUSSIA-STATE OF THE ART,10.11621/pir.2022.0108,WOS:000794031600005,"Background. Emotion Regulation comprises a set of strategies (cognitive, emotional, and physiological) that allow individuals faced with internal or external stimuli to manage their emotional response, to adapt to the environment, and to achieve goals. The Emotion Regulation Questionnaire (ERQ) is used to assess Emotion Regulation. It has been translated into several languages (including Spanish) and has been adapted around the world, but its psychometric properties have not been tested in Ecuador.",random_sample_395
Establishing a reproducible approach to study cellular functions of plant cells with 3D bioprinting,2022,"Van den Broeck, L; Schwartz, MF; Krishnamoorthy, S; Tahir, MA; Spurney, RJ; Madison, I; Melvin, C; Gobble, M; Nguyen, T; Peters, R; Hunt, A; Muhammad, A; Li, B; Stuiver, M; Horn, T; Sozzani, R",SCIENCE ADVANCES,10.1126/sciadv.abp9906,WOS:000968024500011,"Capturing cell-to-cell signals in a three-dimensional (3D) environment is key to studying cellular functions. A major challenge in the current culturing methods is the lack of accurately capturing multicellular 3D environments. In this study, we established a framework for 3D bioprinting plant cells to study cell viability, cell division, and cell identity. We established long-term cell viability for bioprinted Arabidopsis and soybean cells. To analyze the generated large image datasets, we developed a high-throughput image analysis pipeline. Furthermore, we showed the cell cycle reentry of bi",random_sample_395
Estimating Willingness to Pay for Alpine Pastures: A Discrete Choice Experiment Accounting for Attribute Non-Attendance,2022,"Notaro, S; De Salvo, M; Raffaelli, R",SUSTAINABILITY,10.3390/su14074093,WOS:000780618500001,"Alpine pastures generate important ecosystem services, some closely related to the environment, others to historical and cultural aspects. The economic valuation of these services helps their recognition in public policies, thus encouraging their conservation and improvement. Discrete Choice Experiments are particularly useful in estimating ecosystem services as they allow the evaluation of each individual ecosystem service, allowing for policy modulation. However, preferences and willingness to pay may be influenced by some heuristics that respondents adopt when making their choices. The pres",random_sample_395
Application of Discrete Choice Experiment in Agricultural Risk Management: A Review,2022,"Cop, T; Njavro, M",SUSTAINABILITY,10.3390/su141710609,WOS:000851636800001,"The study of human behaviour has been cementing its place within economics for decades. The complexity of decisions in family farming, challenging agricultural markets, and climate change have drawn attention to human behaviour, namely risk perceptions and the decision-making process, with a focus on agricultural economics. This paper reviews current knowledge on risk management in agriculture from the behavioral perspective, and from the perspective experimental economics in particular, emphasizing a discrete choice experiment approach. A discrete choice experiment (DCE) elicits stated prefer",random_sample_395
Psychometric Properties of Intercultural Competences in a Central European Context,2022,"Alhendi, O; Lengyel, P; Balogh, P; Tóth, J",SUSTAINABILITY,10.3390/su14127502,WOS:000816825100001,"This study aims to validate Fantini's intercultural competence scale in a sample of foreign students in a Central European context, and to figure out the pathways which are critical in improving the intercultural competence of foreign students. To achieve that, the study used confirmatory factor analysis (CFA) to construct the structural equation model (SEM). The results indicate that the scale is reliable and valid for assessing foreign students' intercultural competence. In addition, using the first-order CFA as a baseline model, the SEM indicates that each intercultural knowledge, attitude,",random_sample_395
Fostering Resilience and Adaptation to Drought in the Southern High Plains: Using Participatory Methods for More Robust Citizen Science,2022,"Vadjunec, JM; Colston, NM; Fagin, TD; Boardman, AL; Birchler, B",SUSTAINABILITY,10.3390/su14031813,WOS:000916879200001,"Citizen science holds the potential and capacity to change the role of science in the face of current and impending environmental sustainability challenges. However, the sustainability science community must also address the ethical challenges inherent in the nature and outcomes of citizen participation and inclusion. In this article, we provide a brief history of Participatory Action Research (PAR), long popular in the social sciences, and explain how participatory methods can inform the process and products of citizen science to meet the dueling ideals of ethically engaging communities and p",random_sample_395
"Influence of Social Constraints, Mobility Incentives, and Restrictions on Commuters' Behavioral Intentions and Moral Obligation towards the Metro-Bus Service in Lahore",2022,"Javid, MA; Ali, N; Campisi, T; Tesoriere, G; Chaiyasarn, K",SUSTAINABILITY,10.3390/su14052654,WOS:000771285300001,"This paper aims to identify commuters' perceptions towards the metro-bus service system considering various social constraints, mobility incentives and restrictions, and personal norms. A questionnaire survey was designed, which consisted of the personal information of respondents, travel properties, and preferences with the metro-bus system. This survey was conducted in Lahore city, and a total of 333 samples were obtained. The findings of the Structural Equation Modeling (SEM) revealed that the social constraints in traveling, public transport incentives, and specific parking restrictions ha",random_sample_395
Examining the socio-psychological predictors of tree-planting behaviour using the theory of planned behaviour: A study of a cohort of Nigerian urban workers,2022,"Ibrahim, FM; Aderounmu, AF; Akintola, OO",URBAN FORESTRY & URBAN GREENING,10.1016/j.ufug.2022.127509,WOS:000789606200005,"A model of socio-psychological precursors of tree-planting behaviour using the theory of planned behaviour was tested among a cohort of Nigerian civil servants in Ibadan, Nigeria. Data collection involved the self administration of a pre-tested, closed-ended questionnaire among 400 randomly selected respondents. Results show that tree-planting behaviour reduced progressively from 17.5%-8.0% over ten years and in the last year respectively. Age and education had main effects on tree-planting behaviour but sex did not. Attitude, subjective norm and perceived behavioural control were significant ",random_sample_395
Psychometric Properties of the SV-RES60 Resilience Scale in a Sample of Chilean Elementary School Teachers,2023,"Salvo-Garrido, S; Polanco-Levicán, K; Dominguez-Lara, S; Mieres-Chacaltana, M; Gálvez-Nieto, JL",BEHAVIORAL SCIENCES,10.3390/bs13090781,WOS:001072768200001,"The concept of resilience, identified as a crucial variable due to its association with several beneficial outcomes in adulthood, is of particular interest in the teaching field. Specifically, teachers work in a demanding, challenging, and stressful context that requires a remarkable ability to adapt; therefore, resilience is important in the field of teaching and training, as it plays a fundamental role in children's cognitive, social, and emotional development. This study sought to analyze the psychometric properties of the SV-RES60 Resilience Scale in a sample of Chilean elementary school t",random_sample_395
Comparing Older Parents' and Adult Children's Fear of Falling and Perceptions of Age-Friendly Home Modification: An Integration of the Theories of Planned Behavior and Protection Motivation,2023,"Kwon, HJ; Oh, J",BEHAVIORAL SCIENCES,10.3390/bs13050403,WOS:000994301400001,"This study investigated how a fear of falling affects perceptions and behavioral intentions toward age-friendly home modification (AFHM) in older parents and adult children by integrating the theory of planned behavior (TPB) to explain AFHM decision-making processes and the protection motivation theory to explain the impact of a fear of falling on AFHM intention. The target population comprised older parents (=75 years old) and adult children (45-64 years old) in Busan, South Korea (N = 600). The participants completed a self-administered questionnaire in March 2022. Independent t-test and pat",random_sample_395
Environmental Volunteers Endorse Diverse Motivations: Using a Mixed-Methods Study to Assess Initial and Sustained Motivation to Engage in Public Participation in Science Research,2023,"Bible, J; Clarke-De Reza, S",CITIZEN SCIENCE-THEORY AND PRACTICE,10.5334/cstp.506,WOS:001552686000001,"Understanding why individuals choose to get, and stay, involved in public participation in science research is essential to building and maintaining the strong base of participants required for many research and conservation efforts. This paper explores the differences between initial and sustained motivations of volunteers working in more-and less-intensive environmental citizen science projects in the Mid Atlantic United States. Results from our mixed-methods study show that volunteers endorse different motivation types depending on how the question is asked (survey versus semi-structured in",random_sample_395
Climate change adaptation behaviour of forest growers in New Zealand: an application of protection motivation theory,2023,"Villamor, GB; Wakelin, SJ; Dunningham, A; Clinton, PW",CLIMATIC CHANGE,10.1007/s10584-022-03469-x,WOS:000913137500002,"Climate change is likely to have significant impacts on the forestry sector in New Zealand. However, an understanding of how forest growers are reducing their risks from climate change impacts is still in its infancy. This paper applies the protection motivation theory to identify socio-psychological factors influencing forest growers' adaptation to climate change. This study presents the survey results from 60 forest growers who have the combined responsibility for managing more than 70% of New Zealand's plantation forests. We investigated whether their perceived response efficacy, self-effic",random_sample_395
"Cultural Humility, Human Research Ethics Review, and Informed Consent",2023,"Lahman, MKE; Landram, S; Teman, ED; Kincaid, T",CULTURAL STUDIES-CRITICAL METHODOLOGIES,10.1177/15327086221138983,WOS:000895464200001,"The United States, through research ethics review, is complicit in ethically recolonizing countries into U.S. dominant understandings. This review and consent are seen as an all-encompassing ethical understanding and a discrete, one-time experience. Drawing on personal experiences and in-depth interviews with international and domestic subculture research participants and researchers, the authors argue that the United States ethics review must move toward a nuanced understanding of human ethics review that exhibits cultural responsiveness within culturally complex research, with a focus on cul",random_sample_395
Achievement goals among Chinese college students: Longitudinal measurement invariance and latent growth analysis,2023,"An, M; Zhang, X; Wang, Y; Zhao, JX",CURRENT PSYCHOLOGY,10.1007/s12144-022-03466-4,WOS:000836693900003,"This study tested the longitudinal measurement invariance of Elliot and McGregor's (2001) achievement goal scale that adopted the standard 2 x 2 achievement goal model, and examined the growth trajectories of emerging adults' achievement goals over time. We followed a sample of 311 Chinese college students over a 3-year period. Results revealed that the achievement goal scale demonstrated longitudinal measurement invariance. Results from latent growth modelling showed an overall decline over time in three types of achievement goals (mastery approach and mastery avoidance goals showed linear de",random_sample_395
"Burden of treatment, emotion work and parental burnout of mothers to children with or without special needs: A pilot study",2023,"Findling, Y; Barnoy, S; Itzhaki, M",CURRENT PSYCHOLOGY,10.1007/s12144-022-03074-2,WOS:000782543400009,"The psychological phenomenon of Parental Burnout (PB) results from an imbalance between continuous exposure to chronic parenting stress and available coping resources. The study's aim was to examine relationships between mothers' perceived burden of treatment and PB, and their ability to utilize emotion work (EW) as a psychological coping resource. Ninety-eight Israeli mothers (46 had children with special needs with disabilities-W-SND, and 52 had children without special needs-WO-SN) completed questionnaires assessing their perception of burden of treatment, EW and PB. According to the findin",random_sample_395
A hybrid and hierarchical stated preference study of freshwater restoration in Aotearoa New Zealand,2023,"Matthews, Y",ECOLOGICAL ECONOMICS,10.1016/j.ecolecon.2022.107626,WOS:000873806100004,"Freshwater quality is multi-dimensional with many interrelated activities, indicators, and demand-relevant values. Environmental managers have a regulatory obligation to invoke social values when deciding on specific restoration activities to fund and must balance values with other criteria. However, it is often difficult to apply non-market values to operational decisions because valuation studies are either not decision-relevant, ecologically irrelevant, incomplete in scope, or not able to be disaggregated to the required spatial scale. This paper describes the design, implementation and res",random_sample_395
Combining Revealed and Stated Preferences to design a new urban park in a metropolitan area of North-Western Italy,2023,"Bottero, M; Bravi, M; Caprioli, C; Dell'Anna, F",ECOLOGICAL MODELLING,10.1016/j.ecolmodel.2023.110436,WOS:001024785600001,"Inclusive and participatory decision-making is a sustainable option for governments and decision-makers to support real transformation and planning of policies and actions. Investigating and gathering the various views and opinions of stakeholders and citizens is particularly effective because it opens up a range of possibilities in co-constructing the city of the future. Among urban areas requiring planning, Urban Green Infrastructures (UGIs) represent spaces designed to improve the character of neighborhoods, as well as to increase the well-being of users. To achieve these goals, planners sh",random_sample_395
Mapping indicators of cultural ecosystem services use in urban green spaces based on text classification of geosocial media data,2023,"Gugulica, M; Burghardt, D",ECOSYSTEM SERVICES,10.1016/j.ecoser.2022.101508,WOS:000923563500001,"In our increasingly urbanized world, the cultural ecosystem services (CES) provided by urban nature play a crucial role in enabling and maintaining the well-being of urban dwellers. Despite the increased number of studies leveraging geosocial media data for more efficient and socio-cultural-oriented CES assessment, the high complexity and costs associated with existing methods such as manual or automated image classification hinder their application in urban planning and ecosystems management. This study introduces a novel method that draws on the semantic similarity between word2vec word embe",random_sample_395
Personal and Professional Mitigation Behavioral Intentions of Agricultural Experts to Address Climate Change,2023,"Zobeidi, T; Yazdanpanah, M; Warner, LA; Lamm, A; Lhr, K; Sieber, S",ENVIRONMENTAL MANAGEMENT,10.1007/s00267-023-01815-y,WOS:000964055300002,"Mitigation activities, whether at the personal level relating to lifestyle or on the professional level, especially in the agriculture sector, are widely encouraged by scientists and policymakers. This research empirically analyses the association between agricultural experts' perceptions about climate change and their intention to implement climate change mitigation. Based on survey data, individuals' reported intention to implement personal and professional mitigation behavior is explained using a conceptual model. The structural equation modeling results suggest that the new ecological para",random_sample_395
Insights into Salt Marsh Plant Community Distributions Through Computer Vision and Structural Equation Modeling,2023,"Simon, J; Hopkinson, B; Pennings, S",ESTUARIES AND COASTS,10.1007/s12237-022-01147-w,WOS:000894356400001,"Community structure and dynamics are influenced by numerous abiotic and biotic factors requiring large datasets to disentangle, which are often difficult to obtain over the spatiotemporal scales necessary for meaningful analysis. The approach outlined here illustrates one potential solution to this problem by leveraging computer vision methods to gain accurate, in-depth community data from similar to 10,000 photographs of salt marsh plants across an elevation gradient at Sapelo Island, GA, USA. A convolutional neural network (ResNext101) trained to detect the 6 dominant plant species achieved ",random_sample_395
"Implementation gaps affecting the quality of biodiversity conservation management: An ethnographic study of protected areas in Fujian Province, China",2023,"Wang, WY; Zhai, DY; Huang, B",FOREST POLICY AND ECONOMICS,10.1016/j.forpol.2023.102933,WOS:000948888900001,"Policies play a vital role in setting goals for biodiversity conservation management. China has set an ambitious biodiversity conservation target since acceding to the Convention on Biological Diversity (CBD); however, there remains an obvious gap between China's conservation targets and the results of policy implementation. To un-derstand the barriers to policy implementation, this study examined local actors' perceptions of biodiversity conservation policy implementation based on an adaptive management logic. We systematically investigated the status of policy implementation in protected are",random_sample_395
The prevalence of careless response behaviour and its consequences on data quality in self-report questionnaires on student learning,2023,"Chauliac, M; Willems, J; Gijbels, D; Donche, V",FRONTIERS IN EDUCATION,10.3389/feduc.2023.1197324,WOS:001072782400001,"IntroductionSelf-report questionnaires are widely used in high schools and universities to gain insights into students' learning strategies and enhance the quality of their education. However, it is important to acknowledge the possibility of respondents being inattentive when completing these questionnaires. While reliability analyses are typically performed at the group level, when providing individual feedback, it is crucial that each respondent's results are reliable. This study aimed to evaluate the prevalence of careless response behaviour in a questionnaire concerning student learning.M",random_sample_395
A virtual reality program to assess cognitive function in multiple sclerosis: A pilot study,2023,"Hsu, WY; Anguera, JA; Rizzo, A; Campusano, R; Chiaravalloti, ND; DeLuca, J; Gazzaley, A; Bove, RM",FRONTIERS IN HUMAN NEUROSCIENCE,10.3389/fnhum.2023.1139316,WOS:000961236400001,"Introduction: Cognitive impairment is a debilitating symptom in people with multiple sclerosis (MS). Most of the neuropsychological tasks have little resemblance to everyday life. There is a need for ecologically valid tools for assessing cognition in real-life functional contexts in MS. One potential solution would involve the use of virtual reality (VR) to exert finer control over the task presentation environment; however, VR studies in the MS population are scarce.Objectives: To explore the utility and feasibility of a VR program for cognitive assessment in MS.Methods: A VR classroom embed",random_sample_395
Students' perceptions of the rules and restrictions of gender at school: A psychometric evaluation of the Gender Climate Scale (GCS),2023,"Ullman, J; Hobby, L; Magson, NR; Zhong, HF",FRONTIERS IN PSYCHOLOGY,10.3389/fpsyg.2023.1095255,WOS:000953502000001,"Research in the field of gender and sexuality diversity and, more specifically, negative attitudes toward gender and sexuality diverse individuals, has acknowledged the relationship between individuals' endorsement of sex-differentiated, normative gender roles and their attitudes toward gender and sexuality diversity. Such work has highlighted how normative expectations of gender, drawn from binarized gender roles, sit at the heart of homophobic and transphobic attitudes. Previous research in high school settings has measured gender and sexuality diverse (GSD) students' experiences of homo/tra",random_sample_395
Revised environmental identity scale: Adaptation and preliminary examination on a sample of Italian pet owners,2023,"Ariccio, S; Mosca, O",FRONTIERS IN PSYCHOLOGY,10.3389/fpsyg.2022.892841,WOS:001061283800001,"The Revised Environmental Identity (EID) Scale is a tool proposed by Clayton in 2021 to replace her 2003's EID Scale and aims to measure individual differences in a stable sense of interdependence and connectedness with nature. Since an Italian version of this scale was still missing, the present study presents an adaptation of the Revised EID Scale in Italian. The scale has been translated, back-translated, and administered online to 163 pet owners living in Italy in the context of a study about pet attachment. A parallel analysis suggested the existence of two factors. The exploratory factor",random_sample_395
Reliability of attention bias and attention bias variability to climate change images in the dot-probe task,2023,"Carlson, JM; Fang, L; Coughtry-Carpenter, C; Foley, J",FRONTIERS IN PSYCHOLOGY,10.3389/fpsyg.2022.1021858,WOS:000918452500001,"Climate change is one of the most pressing issues of the 21st century, which is perhaps why information about climate change has been found to capture observers' attention. One of the most common ways of assessing individual differences in attentional processing of climate change information is through the use of reaction time difference scores. However, reaction time-based difference scores have come under scrutiny for their low reliability. Given that a primary goal of the field is to link individual differences in attention processing to participant variables (e.g., environmental attitudes)",random_sample_395
"The outdoor office: a pilot study of environmental qualities, experiences of office workers, and work-related well-being",2023,"Söderlund, C; Suárez, LAD; Tillander, A; Toivanen, S; Bälter, K",FRONTIERS IN PSYCHOLOGY,10.3389/fpsyg.2023.1214338,WOS:001127336500001,"Outdoor office work is an emerging aspect of the concept of 'new ways of working', but only sparse data are available about the environmental qualities of the outdoor office space, experiences of office workers, and work-related well-being of outdoor office work. Here, we present an exploratory pilot study on well-being and outdoor office work in a public urban space. An outdoor office was set up in the courtyard of a university campus, and the participants (n = 16) conducted office work outdoors for 30 min and thereafter participated in an eye-tracking session for 11-15 min (n = 8) and subseq",random_sample_395
The effect of visual attention process and thinking styles on environmental aesthetic preference: An eye-tracking study,2023,"Chen, W; Ruan, RB; Deng, WW; Gao, JX",FRONTIERS IN PSYCHOLOGY,10.3389/fpsyg.2022.1027742,WOS:000919280500001,"People often form different aesthetic preferences for natural and built environments, which affects their behavioral intention; however, it remains unknown whether this difference in aesthetic preference is due to differences in thinking styles. However, whether tourists' aesthetic preferences differ when using different visual attention processes has not been studied further. This study used eye-tracking and self-reporting to investigate these questions. The results show that natural environment images are more favored visually because they can evoke in tourists larger pupil diameters and lon",random_sample_395
Contours of a research ethics and integrity perspective on open science,2023,"Lindemann, T; Häberlein, L",FRONTIERS IN RESEARCH METRICS AND ANALYTICS,10.3389/frma.2023.1052353,WOS:001379208600001,"This article argues that adopting a research ethics and integrity perspective could support researchers in operationalizing the open science guiding principle ""as open as possible, as closed as necessary"" in a responsible and context-sensitive manner. To that end, the article points out why the guiding principle as such provides only a limited extent of action-guidance and outlines the practical value of ethical reflection when it comes to translating open science into responsible research practice. The article illustrates how research ethics and integrity considerations may help researchers u",random_sample_395
"Problems of knowledge, problems of order: the open science field site",2023,"Goldensher, LO",FRONTIERS IN SOCIOLOGY,10.3389/fsoc.2023.1149073,WOS:001118030500001,"Ethnographers can and should not just do or not do open science, but study the push to share data, instruments, and other research materials as an important moment of change and contest in contemporary knowledge-making and knowledge politics. Following ethnographers of science and technology who have demonstrated the analytic opportunities afforded by moments of scientific controversy, we should treat the places where these calls are made, debated, and taken up as important field sites for ethnographic inquiry. Whenever and wherever the sharing of data, instruments, and research is discussed, ",random_sample_395
"Electronic application for rabies management improves surveillance, data quality, and investigator experience in Haiti",2023,"Schrodt, CA; Dilius, P; Gibson, AD; Crowdis, K; Fénelon, N; Ross, Y; Bonaparte, S; Joseph, HC; Wallace, RM",FRONTIERS IN VETERINARY SCIENCE,10.3389/fvets.2023.1052349,WOS:000967948000001,"BackgroundIntegrated bite case management (IBCM) is a multi-sectoral response to animal-bites which reduces human and canine rabies mortality through animal quarantine, bite-victim counseling, and vaccination tracking. Haiti's national rabies surveillance program was established in 2013 using paper-based IBCM (pIBCM) with adoption of an electronic smartphone application (eIBCM) in 2018. MethodsWe evaluated the feasibility of implementing the electronic app in Haiti and compared pIBCM and eIBCM data quality collected January 2013-August 2019. Deaths prevented, cost-per-death averted, and cost-p",random_sample_395
"Evaluation of coastal wetland ecosystem services based on modified choice experimental model: A case study of mangrove wetland in Beibu Gulf, Guangxi",2023,"Nie, X; Jin, XH; Wu, JX; Li, WJ; Wang, H; Yao, YC",HABITAT INTERNATIONAL,10.1016/j.habitatint.2022.102735,WOS:000915150900001,"The evaluation of the service value of coastal wetland ecosystem is of great significance for the scientific development and effective utilization of coastal wetland resources. It has been proved that the addition of attribute cut-offs in the choice experiment (CE) evaluation framework improves the validity of evaluation results. However, whether this improvement is due to the improvement of the questionnaire or the improvement of the utility equation cannot be distinguished with this framework. In this study, the modified selection model with cut-off is used to assess the two key elements of ",random_sample_395
Examining Chinese social sciences graduate students' understanding of research ethics: implications for their research ethics education,2023,"Huang, JY; Wang, YH",HUMANITIES & SOCIAL SCIENCES COMMUNICATIONS,10.1057/s41599-023-02000-6,WOS:001044401600004,"Using the research ethics scale (Huang et al., 2021) and follow-up interviews, this study examined Chinese social sciences graduate students' understanding of research ethics of empirical studies involving human subjects. The participants included 463 Chinese graduate students majoring in teacher education, English education, management, and economics. The quantitative findings suggested that these graduate students had a fairly good understanding of researchers' ethical responsibilities and developed general human subjects' ethical awareness; furthermore, there existed significant research ex",random_sample_395
Indigenous Data Governance in Australia: Towards A National Framework,2023,"Rose, J; Langton, M; Smith, K; Clinch, D",INTERNATIONAL INDIGENOUS POLICY JOURNAL,10.18584/iipj.2023.14.1.10987,WOS:000995895000001,"Australia's distinctive colonial administrative history has resulted in the generation and capture of large quantities of personal data about Indigenous Peoples in Australia, which is currently controlled and processed by government agencies and departments without coherent regulation. From an Indigenous standpoint, these data constitute stranded assets. Established legal frameworks for pursuing recovery of other classes of asset alienated by governments from Indigenous Peoples in Australia, including land, natural resources, and unpaid wages, have not yet been extended to the recovery of Indi",random_sample_395
Women's entrepreneurial behavior in Saudi Arabian SMEs: A study based on Ajzen's theory of planned behavior,2023,"Naser, AB; Al-Tit, AA",INTERNATIONAL JOURNAL OF ADVANCED AND APPLIED SCIENCES,10.21833/ijaas.2023.09.015,WOS:001083371000015,"This study aims to investigate women's entrepreneurial behavior (WEB) within the context of small and medium enterprises (SMEs) in Saudi Arabia, utilizing Ajzen's theory of planned behavior. A conceptual model comprising four latent variables-attitudes towards behavior (ATB), subjective norms (SN), perceived behavioral control (PBC) as exogenous factors, and behavioral intention (BI) as a mediating factor-was examined. Additionally, WEB was evaluated as an endogenous outcome. Data analysis relied on 97 usable responses gathered via a Likert scale-based questionnaire. The findings underscore th",random_sample_395
Machine learning in predicting anti-money laundering compliance with protection motivation theory among professional accountants,2023,"Masrom, S; Tarmizi, MA; Halid, S; Rahman, RA; Rahman, ASA; Ibrahim, R",INTERNATIONAL JOURNAL OF ADVANCED AND APPLIED SCIENCES,10.21833/ijaas.2023.07.007,WOS:001045874700007,"Money laundering represents a significant global threat, necessitating the vigilance of professional accountants in detecting and reporting suspicious customer activities within their jurisdiction to the relevant authorities. Despite the legal obligation to comply with anti-money laundering regulations, professional accountants' adherence to these measures remains insufficient. Previous research on machine learning techniques for combating money laundering has predominantly concentrated on predicting suspicious transactions, rather than evaluating compliance behavior. This study aims to develo",random_sample_395
The effects of the theory of planned behaviour on the switching propensity of retail banking customers at different critical switching incidents,2023,"Georgiou, M; Daskou, S; Anastasiou, A; Siakalli, M",INTERNATIONAL JOURNAL OF BANK MARKETING,10.1108/IJBM-12-2022-0532,WOS:001075470100001,"PurposeThe paper aims to explore the effects of the behavioural antecedents suggested by the theory of planned behaviour (TPB) (i.e. positive subjective norms, high perceived behavioural control and positive attitudes towards switching) on the switching propensity of retail banking customers at several critical switching incidents (CSIs) (i.e. events of unfavourable reputation concerning their current bank or favourable reputation concerning competitor banks, service failures, problems with charges and interest rates, herding behaviour, inconvenience, alternative banks' attractiveness and unet",random_sample_395
"Explaining farmers' pro-environmental behaviors toward plant, soil and water conservation in Iran: an application of value-belief-norm theory",2023,"Borkhani, FR; Khaleghi, B; Mirtorabi, MS; Mohammadi, Y",INTERNATIONAL JOURNAL OF ENVIRONMENTAL SCIENCE AND TECHNOLOGY,10.1007/s13762-022-04568-z,WOS:000875590600001,"This study aimed to explain the farmers' pro-environmental behaviors toward plant, soil and water conservation by adapting the value-belief-norm theory. This cross-sectional survey investigated 342 farmers in Mazandaran province, Iran. Data collection was done using a structured questionnaire and analyzed through structural equation modeling. The findings of the study confirmed the causal paths of variables in the value-belief-norm theory. As expected, in a causal chain, values influenced beliefs, and beliefs influenced norms, and finally norms influenced the plant, soil and water conservation",random_sample_395
Securing online accounts and assets: An examination of personal investments and protection motivation,2023,"Ogbanufe, O",INTERNATIONAL JOURNAL OF INFORMATION MANAGEMENT,10.1016/j.ijinfomgt.2022.102590,WOS:000868338100001,"This paper examines how personal investment influence the use of multi-factor authentication (MFA) for securing online accounts. We draw from the Protection Motivation Theory (PMT) that accounts for intrapersonal factors that increase one's understanding of their threat and coping mechanisms and, subsequently, their motivation to protect such investments. We integrate size of investment - the amount of time, effort, and other personal resources that an individual has put into their online account. Based on PMT's framework, we develop a research model that examines the influence of investment s",random_sample_395
Social-psychological Aspects of Probability-based Online Panel Participation,2023,"Kocar, S; Lavrakas, PJ",INTERNATIONAL JOURNAL OF PUBLIC OPINION RESEARCH,10.1093/ijpor/edad012,WOS:000976902200001,"In this study, we use qualitative research methods to identify, discuss, and investigate the self-reported motivational factors and barriers in all stages of the probability-based online panel lifecycle-recruitment to the panel, wave-by-wave data collection, and voluntary attrition. Our data were gathered with qualitative in-depth interviews (IDIs). Between March 2020 and February 2021, panelists from the Life in Australia (TM) probability online panel were classified into four groups based on their previous panel response behavior and each was interviewed. The qualitative data were used to li",random_sample_395
Methodological Approaches to Obtaining Informed Consent when Conducting Research With Individuals With Deafblindness,2023,"Wittich, W; Boie, NR; Jaiswal, A",INTERNATIONAL JOURNAL OF QUALITATIVE METHODS,10.1177/16094069231205176,WOS:001077650700001,"Informed consent is essential in research involving people with disabilities to protect their rights and ensure ethical conduct. Individuals with communicative vulnerability, such as those living with deafblindness, face difficulties when the research process is not accessible. Our team has developed methodological expertise where this vulnerable population is concerned. To formalize recommendations that can improve their inclusion, we utilized an observational, retrospective design to address three questions: What are procedures that facilitate recruitment in a lab specializing on working wit",random_sample_395
Surrogate Practices in Research in the Absence of a Research Ethics Committee: A Qualitative Study,2023,"Abrera, AMC; Pagkatipunan, PMN; Limson, EBE",JOURNAL OF ACADEMIC ETHICS,10.1007/s10805-021-09443-z,WOS:000749151100001,"The establishment of a Research Ethics Committee (REC) is a significant step to ensure the standard procedures in ethics review process that protect human participants. However, in instances when RECs are not yet established, surrogate activities are practiced by some institutions. The objective of this study was to identify prevailing research ethical practices of research directors and faculty researchers in the absence of a research ethics committee in their respective academic institutions. Specifically, it aimed to explore the participants' 1) experiences in research subject protection an",random_sample_395
"Modeling risks in marine protected areas: Mapping of habitats, biodiversity, and cultural ecosystem services in the southernmost atlantic coral reef",2023,"Niz, WC; Laurino, IRA; de Freitas, DM; Rolim, FA; Motta, FS; Pereira, GH",JOURNAL OF ENVIRONMENTAL MANAGEMENT,10.1016/j.jenvman.2023.118855,WOS:001091176700001,"Marine Protected Area (MPA) is a fundamental strategy for the maintenance of ocean ecological processes worldwide and, consequently, their associated ecosystem services. Nevertheless, the quality of the services provided by MPAs, including cultural services such as recreational activities, depends on the effective management of marine habitats and biodiversity. Here, we performed an ecosystemic assessment in reef environments within a subtropical MPA, modeling the potential risks for their habitats and their recreational activities. The Queimada Grande Island (QGI), southeastern Brazil, was us",random_sample_395
"Insights into eco-anxiety in Italy: Preliminary psychometric properties of the Italian version of the Hogg Eco-anxiety Scale, age and gender distribution",2023,"Rocchi, G; Pileri, J; Luciani, F; Gennaro, A; Lai, CR",JOURNAL OF ENVIRONMENTAL PSYCHOLOGY,10.1016/j.jenvp.2023.102180,WOS:001109788600001,"Eco-anxiety is a topic of extreme importance in Italy. The present study aimed to assess the preliminary psychometric properties of the Italian version of the Hogg Eco-Anxiety Scale (HEAS). Different internal structures of the HEAS were compared through confirmatory factor analysis (CFA) and the four-factor model met the best criteria for adequacy of fit. Affective symptoms, rumination, behavioral symptoms, and anxiety about one's negative impact on the planet are the dimensions captured by the 13 items of the HEAS, consistent with the results of the original study. Results highlight good inte",random_sample_395
Too much praise for reappraisal? Examining reappraisal's impact on threat mitigation depending on its implementation: A registered report,2023,"Wenzel, M; Rowland, Z; Nielsen, KS; Lange, F",JOURNAL OF EXPERIMENTAL SOCIAL PSYCHOLOGY,10.1016/j.jesp.2023.104475,WOS:000990432300001,"Reappraisal, the act of reframing a situation differently, is associated with affective benefits. Preliminary correlational evidence suggests that successfully down-regulating negative affect is associated with lower motivation to engage in political action, although experimental studies could not find such negative impact. We hypothesized that reappraisal may impact threat mitigation behavior differently, depending on its imple-mentation: If individuals implement reappraisal to down-regulate their negative affect in response to a threat-ening situation, they neutralize the mobilizing effect o",random_sample_395
Embracing the Messiness in Mixed Methods Research: The Craft Attitude,2023,"Sakata, N",JOURNAL OF MIXED METHODS RESEARCH,10.1177/15586898221108545,WOS:000815051900001,"Whereas the significance and potential impacts of messiness in mixed methods research have been well acknowledged, the literature on mixed methods research has accumulated few examples of engaging and navigating mess. This article provides an account of the nitty-gritty of messiness and its consequences during the process of mixed methods research. By applying the 'craft attitude' and a socio-ecological framework for mixed methods research to a mixed methods case study, I demonstrate how my embracing of research messiness through the craft attitude exemplifies the interconnectedness of the per",random_sample_395
The Precision of Estimates of Nonresponse Bias in Means,2023,"Eckman, S; Unangst, J; Dever, JA; Antoun, C",JOURNAL OF SURVEY STATISTICS AND METHODOLOGY,10.1093/jssam/smac019,WOS:000817125100001,"Survey data producers increasingly provide estimates of nonresponse bias in several variables when they release or analyze data. Researchers understand that sample estimates of population values should be reported with appropriate measures of uncertainty, such as standard errors or confidence intervals. However, few studies acknowledge that nonresponse bias estimates vary across samples. Using simulations, we study the precision of estimates of nonresponse bias in means and how that precision is affected by features such as clustering and response rates. Results show that low response rates an",random_sample_395
"The Effects of a Targeted ""Early Bird"" Incentive Strategy on Response Rates, Fieldwork Effort, and Costs in a National Panel Study",2023,"Mcgonagle, KA; Sastry, N; Freedman, VA",JOURNAL OF SURVEY STATISTICS AND METHODOLOGY,10.1093/jssam/smab042,WOS:001102866800003,Adaptive survey designs are increasingly used by survey practitioners to counteract ongoing declines in household survey response rates and manage rising fieldwork costs. This paper reports findings from an evaluation of an early-bird incentive (EBI) experiment targeting high-effort respondents who participate in the 2019 wave of the US Panel Study of Income Dynamics. We identified a subgroup of high-effort respondents at risk of nonresponse based on their prior wave fieldwork effort and randomized them to a treatment offering an extra time-delimited monetary incentive for completing their int,random_sample_395
"Analysis of Landscape Character Assessment and Cultural Ecosystem Services Evaluation Frameworks for Peri-Urban Landscape Planning: A Case Study of Harku Municipality, Estonia",2023,"Nevzati, F; Veldi, M; Kuelvik, M; Bell, S",LAND,10.3390/land12101825,WOS:001095337700001,"This study combined landscape character assessment (LCA) and cultural ecosystem services (CES) frameworks to evaluate human well-being in the peri-urban area of Harku Municipality, Estonia. Using geospatial data combined with expert opinions, the study investigated the interplay between landscape character types and environmental/contact types through the LCA method. In total, 21 distinct landscape types comprising 47 separate areas were identified, with CES values determined for each. Restorative, social, and cognitive values were associated with each landscape character type. The findings de",random_sample_395
Community forest management led to rapid local forest gain in Nepal: A 29 year mixed methods retrospective case study,2023,"Smith, AC; Hurni, K; Fox, J; van den Hoek, J",LAND USE POLICY,10.1016/j.landusepol.2022.106526,WOS:000923522200001,"Despite widespread implementation of community forest (CF) management over the last 40 years, limited knowledge exists on CF-level processes that link introduction of CF management to long-term forest cover change. CF management has been widely adopted in Nepal but research on effects of CF management on forest cover change often lacks long-term forest cover data and does not attempt to directly link changes in local forest cover with forest management decisions by local forest users. This study used a mixed methods approach integrating a 29 year-long satellite record of annual forest cover (1",random_sample_395
Reframing rangeland systems science research in Kenya: a synthesis of social-science mixed methods to inform integrative analysis of landscape pattern and process,2023,"Unks, R",LANDSCAPE ECOLOGY,10.1007/s10980-023-01723-w,WOS:001028431400001,"ContextInterdisciplinary borrowing between ecology and the social sciences has produced numerous insights about pastoral livelihood practices and rangeland ecology, demonstrating how people practicing pastoralism constantly modify their practices to adapt to social, political, economic, and biophysical change.ObjectivesI outline an approach for integrating research on pastoral livelihoods into a landscape ecology framework. I focus on access to land and resources, and an integrative approach to scale, to assess the relationship between landscape and social processes.MethodsI use remotely sense",random_sample_395
"Informing ecosystem values of Loktak Lake in Manipur, India: an application of discrete choice experiments",2023,"Sreeraman, BA; Singh, KG; Leichombam, P",MARINE AND FRESHWATER RESEARCH,10.1071/MF21337,WOS:000988957800001,"Context. To inform the economic value of Loktak Lake, a Ramsar Site located in north-eastern India, and to suggest sustainable management and wise use of the Lake. Aim. To find out the stakeholder preferences and the marginal willingness to pay over improved conservation and management of Loktak Lake. Method. Choice Experiment Method, a stated preference method used for environmental valuation is employed in the study. Result. The majority of the stakeholders have indicated their strong preference for effective conservation of the Lake with improvement in the fish catch and recreational sites ",random_sample_395
Survey of open science practices and attitudes in the social sciences,2023,"Ferguson, J; Littman, R; Christensen, G; Paluck, EL; Swanson, N; Wang, ZA; Miguel, E; Birke, D; Pezzuto, JH",NATURE COMMUNICATIONS,10.1038/s41467-023-41111-1,WOS:001063751200011,"Open science practices such as posting data or code and pre-registering analyses are increasingly prescribed and debated in the applied sciences, but the actual popularity and lifetime usage of these practices remain unknown. This study provides an assessment of attitudes toward, use of, and perceived norms regarding open science practices from a sample of authors published in top-10 (most-cited) journals and PhD students in top-20 ranked North American departments from four major social science disciplines: economics, political science, psychology, and sociology. We observe largely favorable ",random_sample_395
Open Science 2.0: Towards a truly collaborative research ecosystem,2023,"Thibault, RT; Amaral, OB; Argolo, F; Bandrowski, AE; Davidson, AR; Drude, NI",PLOS BIOLOGY,10.1371/journal.pbio.3002362,WOS:001099100900004,"Conversations about open science have reached the mainstream, yet many open science practices such as data sharing remain uncommon. Our efforts towards openness therefore need to increase in scale and aim for a more ambitious target. We need an ecosystem not only where research outputs are openly shared but also in which transparency permeates the research process from the start and lends itself to more rigorous and collaborative research. To support this vision, this Essay provides an overview of a selection of open science initiatives from the past 2 decades, focusing on methods transparency",random_sample_395
"Development of the Acoustic Comfort Assessment Scale (ACAS-12): Psychometric properties, validity evidence and back-translation between Spanish and English",2023,"Herranz-Pascual, K; Iraurgi, I; Aspuru, I; Garcia-Pérez, I; Eguiguren, JL; Santander, A",PLOS ONE,10.1371/journal.pone.0281534,WOS:000989733100001,"A methodological proposal of a scale for human perception assessment of acoustic environment (acoustic comfort) in urban public spaces is presented: Acoustic Comfort Assessment Scale (ACAS 12). This paper shows the process of constructing this scale and its psychometric properties and validation. The approach is based on the soundscape conceptualisation collected in ISO 12913-1:2014 (Acoustics-Soundscape: Definition and conceptual framework). The proposed scale is a 5-point semantic differential scale made up of twelve pairs of bipolar adjectives, grouped around five theoretical dimensions. It",random_sample_395
Registered report: Survey on attitudes and experiences regarding preregistration in psychological research,2023,"Spitzer, L; Mueller, S",PLOS ONE,10.1371/journal.pone.0281086,WOS:000985134400109,"BackgroundPreregistration, the open science practice of specifying and registering details of a planned study prior to knowing the data, increases the transparency and reproducibility of research. Large-scale replication attempts for psychological results yielded shockingly low success rates and contributed to an increasing demand for open science practices among psychologists. However, preregistering one's studies is still not the norm in the field. Here, we conducted a study to explore possible reasons for this discrepancy. MethodsIn a mixed-methods approach, we conducted an online survey as",random_sample_395
The impact of visually simulated self-motion on predicting object motion-A registered report protocol,2023,"Jörges, B; Harris, LR",PLOS ONE,10.1371/journal.pone.0267983,WOS:000966671300001,"To interact successfully with moving objects in our environment we need to be able to predict their behavior. Predicting the position of a moving object requires an estimate of its velocity. When flow parsing during self-motion is incomplete-that is, when some of the retinal motion created by self-motion is incorrectly attributed to object motion-object velocity estimates become biased. Further, the process of flow parsing should add noise and lead to object velocity judgements being more variable during self-motion. Biases and lowered precision in velocity estimation should then translate to ",random_sample_395
Psychometric Evaluation of a Visual Interpersonal Analog Scale,2023,"Woods, WC; Edershile, EA; Ringwald, WR; Sharpe, BM; Himmelstein, PH; Newman, MG; Wilson, SJ; Ellison, WD; Levy, KN; Pincus, AL; Creswell, JD; Wright, AGC",PSYCHOLOGICAL ASSESSMENT,10.1037/pas0001210,WOS:000917196500001,"Interpersonal theory organizes social behavior along dominant (vs. submissive) and warm (vs. cold) dimensions. There is a growing interest in assessing these behaviors in naturalistic settings to maximize ecological validity and to study dynamic social processes. Studies that have assessed interpersonal behavior in daily life have primarily relied on behavioral checklists. Although checklists have advantages, they are discrepant with techniques used to capture constructs typically assessed alongside warmth and dominance, such as affect, which typically rely on adjective descriptors. Further, t",random_sample_395
Will information interventions affect public preferences and willingness to pay for air quality improvement? An empirical study based on deliberative choice experiment,2023,"Jiang, N; Ao, CL; Xu, LS; Wei, YH; Long, YL",SCIENCE OF THE TOTAL ENVIRONMENT,10.1016/j.scitotenv.2023.161436,WOS:000961191500001,"Environmental information is a prerequisite for public participation in air quality improvement, and the choice of such participation behavior is influenced by the intervention of environmental information. Nonetheless, there has been in-sufficient analysis of how information interventions affect public preferences and willingness to pay for air quality im-provement. The combination of deliberative and choice experiment is used to explore the importance of information interventions for public participation in air quality improvement, and the changes in public preferences and willing-ness to pa",random_sample_395
Mapping and assessment of recreational cultural ecosystem services supply and demand in Vilnius (Lithuania),2023,"Kalinauskas, M; Bogdzevic, K; Gomes, E; Inácio, M; Barcelo, D; Zhao, W; Pereira, P",SCIENCE OF THE TOTAL ENVIRONMENT,10.1016/j.scitotenv.2022.158590,WOS:000864062900014,"This work aims to map and assess the recreational culture ecosystem services (CES) supply and demand in Vil-nius. A novel framework individually assessed natural recreational CES supply and cultural recreational CES supply dimensions. So far, the previous works did not consider both CES components individually. Also, the val-idation of CES models is scarce and challenging. This work aims to map and assess natural recreational supply CES, cultural recreational CES supply, natural + cultural recreational CES supply, and cultural recreational CES demand. The results showed that the natural recrea",random_sample_395
Understanding belief in political statements using a model-driven experimental approach: a registered report,2023,"Santangelo, AP; Solovey, G",SCIENTIFIC REPORTS,10.1038/s41598-023-47939-3,WOS:001126964000006,"Misinformation harms society by affecting citizens' beliefs and behaviour. Recent research has shown that partisanship and cognitive reflection (i.e. engaging in analytical thinking) play key roles in the acceptance of misinformation. However, the relative importance of these factors remains a topic of ongoing debate. In this registered study, we tested four hypotheses on the relationship between each factor and the belief in statements made by Argentine politicians. Participants (N = 1353) classified fact-checked political statements as true or false, completed a cognitive reflection test, an",random_sample_395
Drivers of religious entrepreneurial behaviour among Pentecostal pastors: push-pull-mooring theory and theory of planned behaviour,2023,"Agu, AG; Etochkwu, OG; Daniel, TO; Rejoice, OE; Ben, UD",SMALL ENTERPRISE RESEARCH,10.1080/13215906.2023.2231408,WOS:001020009500001,"Little academic research has been devoted to entrepreneurship and religion, and the major focus has been on religious beliefs and entrepreneurial behaviour. Studies investigating the determinants of religious entrepreneurial behaviour are scarce. Given the inconclusive and largely context-specific nature of studies that explored the determinants of entrepreneurial intentions/behaviour, understanding the drivers of religious entrepreneurial behaviour of Pentecostal pastors in South-East Nigeria will provide more insights into the literature. A qualitative survey has been conducted using the pus",random_sample_395
Exploring and Measuring Quality of Life Determinants of Wage Workers in Egypt: A Structural Equation Modelling Approach,2023,"Zeini, NT; Okasha, AE; Soliman, AS",SOCIAL INDICATORS RESEARCH,10.1007/s11205-023-03202-w,WOS:001059609300001,"This paper aims to identify the major significant dimensions that contribute to the overall quality of life (QOL) of wage workers in Egypt. As the QOL is a complex, multidimensional, and interdisciplinary concept, forty-seven indicators under five domains were chosen to investigate the QOL determinants of wage workers in Egypt, namely job characteristics, job satisfaction, ICT access, gender equality and women empowerment, and neighborhood services and utilities. Using data from the 2018 wave of the Egypt Labor Market Panel Survey, the paper employed structural equation modelling (SEM) approac",random_sample_395
Evading Open Science: The Black Box of Student Data Collection,2023,"Ludwig, T; Altenmüller, MS; Schramm, LFF; Twardawski, M",SOCIAL PSYCHOLOGICAL BULLETIN,10.32872/spb.9411,WOS:001287613000009,"While Open Science has arguably initiated positive changes at some stages of the research process (e.g., increasing transparency through preregistration), problematic behaviors during data collection are still almost impossible to detect and pose a great risk to the validity and integrity of psychological research-especially, when researchers use data collected by others (e.g., students). Exploring students' and supervisors' perspectives, the present registered report enlightens this ""black box"" of student data collection, focusing on questionable research practices and research misconduct (QR",random_sample_395
Assessing class cohesion in primary and secondary education: Development and preliminary validation of the class cohesion questionnaire (CCQ),2023,"Leo, FM; Fernández-Río, J; Pulido, JJ; Rodríguez-González, P; López-Gajardo, MA",SOCIAL PSYCHOLOGY OF EDUCATION,10.1007/s11218-022-09738-y,WOS:000880497100001,"The aim of this study was to develop and validate a psychometrically-sound instrument to assess students' perceptions about class cohesion. Two studies were conducted. In Study 1, four steps were established: (1) development of the Class Cohesion Questionnaire (CCQ); (2) item selection; (3) item compression; and (4) exploration of psychometric properties. In Study 2, participants were 1504 students from 21 primary and secondary schools. The aim was to confirm the psychometric properties and to create a short version of the instrument (CCQ-SF). In Study 1, the CCQ showed adequate content and co",random_sample_395
Item Nonresponse in Web Versus Other Survey Modes: A Systematic Review and Meta-Analysis,2023,"Cehovin, G; Bosnjak, M; Manfreda, KL",SOCIAL SCIENCE COMPUTER REVIEW,10.1177/08944393211056229,WOS:000753330700001,"Nonresponse is a fundamental issue in survey research, due to the trend of declining response rates across survey modes. This issue is particularly serious for web surveys: A recent meta-analysis found that unit nonresponse in web surveys is, on average, higher by 12 percentage points than in other modes (Daikeler et al., 2020). Although the issue of unit nonresponse in web and other survey modes has been investigated in several meta-analyses, item nonresponse has not been examined meta-analytically, a gap addressed by this paper. Are web surveys at a disadvantage compared to other survey mode",random_sample_395
The Early Bird Catches the Worm! Setting a Deadline for Online Panel Recruitment Incentives,2023,"Friedel, S; Felderer, B; Krieger, U; Cornesse, C; Blom, AG",SOCIAL SCIENCE COMPUTER REVIEW,10.1177/08944393221096970,WOS:000797856100001,"The literature on the effects of incentives in survey research is vast and covers a diversity of survey modes. The mode of probability-based online panels, however, is still young and so is research into how to best recruit sample units into the panel. This paper sheds light on the effectiveness of a specific type of incentive in this context: a monetary incentive that is paid conditionally upon panel registration within two weeks of receiving the initial postal mail invitation. We tested early bird cash incentives in a large-scale recruitment experiment for the German Internet Panel (GIP) in ",random_sample_395
Evaluating the Impacts of a Research Ethics Training Course on University Researchers,2023,"Knight, J",SOCIAL SCIENCES-BASEL,10.3390/socsci12030182,WOS:000958017700001,"Training in research ethics is an essential part of professional development for graduate students and academic and research staff at universities and other research institutions. Certificated training in research ethics has been offered at the University of the Witwatersrand, Johannesburg, South Africa, since 2019. This training comprises a 4 h content-based workshop followed by a written assignment with attendees who are mainly graduate students and academic staff of the University. This study presents the results of an anonymous online survey that evaluated the impacts of the ethics trainin",random_sample_395
Personality Traits Affecting Risky Riding Behavior: An Application of an Extended Theory of Planned Behavior,2023,"Le, LV; Nguyen, LX; Chu, MC; Huynh, N",SUSTAINABILITY,10.3390/su152416586,WOS:001130855500001,"The primary objective of this study is to investigate the influence of personality traits such as anxiety, sensation seeking, altruism, anger, and normlessness on young powered two-wheeler riders' risky riding behavior. The theory of planned behavior (TPB) is extended to include personality traits forming an extended TPB (ETPB). The ETPB model is used to examine how personality traits directly influence risky riding behavior and indirectly influence risky riding behavior through latent mediating factors. The secondary objective is to examine the differences in interactions between personality ",random_sample_395
Antecedents of Real Estate Investment Intention among Filipino Millennials and Gen Z: An Extended Theory of Planned Behavior,2023,"Gumasing, MJJ; Niro, RHA",SUSTAINABILITY,10.3390/su151813714,WOS:001074363500001,"The Philippines' real estate (RE) market vis a vis its government's collective efforts to accelerate its digital transformation faces prevalent illegal RE practices online on top of limited publicly accessible data for decision-making and decentralized and highly regional RE markets. As the middle-income millennials' and Gen Zs' purchasing power rises, these increasingly important consumer groups might fall prey to online RE colorums or make bad RE investment decisions. In anticipation of big data, ML, and AI becoming integral to the Philippine RE industry, this study extends the theory of the",random_sample_395
Modeling Chinese Secondary School Students' Behavioral Intentions to Learn Artificial Intelligence with the Theory of Planned Behavior and Self-Determination Theory,2023,"Chai, CS; Chiu, TKF; Wang, XW; Jiang, F; Lin, XF",SUSTAINABILITY,10.3390/su15010605,WOS:000908971100001,"It has become essential for current learners to gain basic literacy and competencies for artificial intelligence (AI). While educators and education authorities are beginning to design AI curricula, empirical studies on students' perceptions of learning AI are still rare. This study examined a research model that synthesized the theory of planned behavior and the self-determination theory. The model explains students' behavioral intention to learn AI. The model depicts the interrelationships among the factors of AI knowledge, programming efficacy, autonomy, AI for social good, and learning res",random_sample_395
The Influence of the Information System Success Model and Theory of Planned Behavior on the Zoom Application Used by Elementary Education Teachers,2023,"Alismail, HA",SUSTAINABILITY,10.3390/su15129558,WOS:001017829300001,"The study uses the Theory of Planned Behavior and the Influence of Information System Success to understand how users respond to the technology used for teaching and learning. The study intends to look at the relationship between the Information System Success model and Theory of Planned Behavior variables on utilizing the Zoom application by elementary education teachers, as well as how teachers' satisfaction and intention to use technology affect the usage of technology. The primary approach for gathering data involved distributing the Influence of Information System Success model and Theory",random_sample_395
"Gen Z's Attitude towards Green Image Destinations, Green Tourism and Behavioural Intention Regarding Green Holiday Destination Choice: A Study in Poland and India",2023,"Nowacki, M; Kowalczyk-Aniol, J; Chawla, Y",SUSTAINABILITY,10.3390/su15107860,WOS:000996184000001,"Using PLS-SEM, this article proposes and verifies a model among Gen Z that captures the relationship between attitudes towards the environmental ecosystem and green tourism, personal and social norms regarding pro-environmental behaviour, perceived behavioural control, perceived green image of destinations (PGID), behavioural intentions regarding green holiday destinations (GHD), and willingness to pay (WTP) more for visiting them. The paper also verifies whether intercultural differences exist in the relationships between these variables. The most important results indicate that (1) for Gen Z",random_sample_395
"Relationship between Self-Assessed Productivity, Gender and Age in Mixed-Mode and Fully Air-Conditioned Offices in Florianopolis, Brazil",2023,"Reali, JPG; Scolaro, TP; Ghisi, E; Rupp, RF",SUSTAINABILITY,10.3390/su151612377,WOS:001056755600001,"The quality of the indoor environment and anthropometric parameters influence the users' productivity in a building. This study aims to evaluate the influence of environmental and anthropometric characteristics on the self-assessed productivity of office building users in the humid subtropical climate of Florianopolis, Brazil. Three hybrid buildings equipped with air-conditioning and natural ventilation and one centrally air-conditioned building were considered. Indoor environmental data were obtained by means of measurements. Electronic questionnaires collected anthropometric characteristics ",random_sample_395
Exploring Sustainable Interior Design Implementation Barriers: A Partial Least Structural Equation Modeling Approach,2023,"Kineber, AF; Massoud, MM; Hamed, MM; Qaralleh, TJO",SUSTAINABILITY,10.3390/su15054663,WOS:000947083100001,"Although sustainability has been an issue in the built environment for some time, it has not yet been fully addressed in sustainable interior architecture and design. This research aimed to identify and analyze obstacles preventing sustainable interior architecture and design implementation. As a result, the partial least structural equation modeling approach (PLS-SEM) has been requested to evaluate these obstructions. Therefore, after identifying 30 possible barriers through a literature search, a survey questionnaire was issued to 100 interior designers to evaluate their significance. Accord",random_sample_395
Utilization of urban agriculture to enhance urban sustainability: investigating people's heterogeneous preferences for proximity to urban agriculture through a choice experiment,2023,"Kyoi, S",SUSTAINABILITY SCIENCE,10.1007/s11625-022-01282-0,WOS:000915765900002,"The purpose of this study is to investigate people's preferences for the geographical distance between residential locales and two types of urban agricultural land, namely, traditional agricultural land and a more complex and intensive agricultural landscape called ""satoyama"" and to evaluate the heterogeneity in people's preferences. The enhancement of urban sustainability is a crucial issue in sustainable development that can be potentially improved by urban agriculture. However, urban residents' perceptions and preferences regarding the distance between urban agricultural land and their loca",random_sample_395
Campus commute mode choice in a college town: An application of the integrated choice and latent variable (ICLV) model,2023,"Kim, J; Lee, BM",TRAVEL BEHAVIOUR AND SOCIETY,10.1016/j.tbs.2022.10.002,WOS:000875713100003,"This study examined commute mode choice in a small college town by employing an integrated choice and latent variable (ICLV) model to adequately address the role of attitudinal variables, such as pro-car, pro-bus, and pro -environmental attitudes. The campus commute data (n symbolscript 554) came from an individual travel survey of the faculty and staff at the University of Illinois at Urbana-Champaign. The ICLV model provided a richer and more nuanced understanding of the commute mode choice of campus members than a traditional multinomial logit (MNL) model by illustrating how various sociode",random_sample_395
Effects of urban waterfront park landscape elements on visual behavior and public preference: Evidence from eye-tracking experiments,2023,"Zhou, XC; Cen, QY; Qiu, HF",URBAN FORESTRY & URBAN GREENING,10.1016/j.ufug.2023.127889,WOS:000951648200001,"High-quality urban blue-green spaces are essential to enhance the well-being of residents. Public preferences in urban landscapes are closely related to visual behavior and can meet human needs. By combining objective eye-movement data with subjective evaluation data, public preferences for blue-green typical spatial waterfront parks were analyzed based on visual behavior. Taking Wuhan, a megacity in China, as an example, four types of landscapes were identified: waterscape, plantscape, hardscape, and integrated landscape. Using visual clustering to identify eye movement indicators, we analyze",random_sample_395
Best Laid Plans: A Guide to Reporting Preregistration Deviations,2024,"Willroth, EC; Atherton, OE",ADVANCES IN METHODS AND PRACTICES IN PSYCHOLOGICAL SCIENCE,10.1177/25152459231213802,WOS:001156945500001,"Psychological scientists are increasingly using preregistration as a tool to increase the credibility of research findings. Many of the benefits of preregistration rest on the assumption that preregistered plans are followed perfectly. However, research suggests that this is the exception rather than the norm, and there are many reasons why researchers may deviate from their preregistered plans. Preregistration can still be a valuable tool, even in the presence of deviations, as long as those deviations are well documented and transparently reported. Unfortunately, most preregistration deviati",random_sample_395
Practices in Data-Quality Evaluation: A Large-Scale Review of Online Survey Studies Published in 2022,2024,"Gottfried, J",ADVANCES IN METHODS AND PRACTICES IN PSYCHOLOGICAL SCIENCE,10.1177/25152459241236414,WOS:001222800800001,"In this study, I examine data-quality evaluation methods in online surveys and their frequency of use. Drawing from survey-methodology literature, I identified 11 distinct assessment categories and analyzed their prevalence across 3,298 articles published in 2022 from 200 psychology journals in the Web of Science Master Journal List. These English-language articles employed original data from self-administered online questionnaires. Strikingly, 55% of articles opted not to employ any data-quality evaluation, and 24% employed only one method despite the wide repertoire of methods available. The",random_sample_395
"Research Ethics, Fieldwork, and African Studies",2024,"Day, C",AFRICAN STUDIES REVIEW,10.1017/asr.2024.159,WOS:001332647600001,"In recent years, there has been a noticeable uptick in efforts to address the ethical, methodological, and security challenges of conducting field research. In fact, an entire scholarly community has emerged from different pockets of area and conflict studies to develop and share a body of literature and foster interactive forums to advance this important area of study.1 Much of this work builds on the influential accounts of individual researchers (Wood 2006), which has developed into more systematic categories for the myriad issues of fieldwork (Sriram et al. 2009), as well as frameworks to ",random_sample_395
Information provision and preferences for more sustainable dairy farming: Choice experimental evidence from Sweden,2024,"Oyinbo, O; Hansson, H",AGRICULTURAL AND RESOURCE ECONOMICS REVIEW,10.1017/age.2023.33,WOS:001136232900001,"Dairy farming in Europe faces profound environmental, social, and economic sustainability challenges, which are of significant policy interest. These challenges support the need for a transition toward the uptake of more sustainable dairy farming practices. This paper examines the effects of an advisory instrument ""balanced sustainability information"" on farmers' preferences for more grass-based feeding systems using a between-subjects design and a discrete choice experiment among a sample of Swedish dairy farmers. Conceptually, we develop a state-dependent utility framework with Bayesian upda",random_sample_395
Gathering a bountiful harvest: the impacts of cultural ecosystem service experiences on management practices and agrobiodiversity in urban community gardens,2024,"Das, A; Diemont, SAW; Selfa, T; Rakow, DA",AGROECOLOGY AND SUSTAINABLE FOOD SYSTEMS,10.1080/21683565.2024.2317338,WOS:001174793500001,"In addition to their food security and ecological benefits, urban community gardens support human well-being in numerous non-material ways. In this paper, we investigate whether experience of these cultural ecosystem services (CES) shapes how gardeners choose to manage the garden ecosystem, which may influence the ability of these multifunctional green spaces to provide other local ecosystem services (ES). Using questionnaires, in-depth interviews, and plant community analysis, we assess the relationship between perception of CES by community gardeners, the management practices they utilize, a",random_sample_395
Revealing the supply-demand relationship of urban cultural ecosystem services: The combination of open-source spatial model and topic model,2024,"Dang, H; Li, J; Zhou, ZX",APPLIED GEOGRAPHY,10.1016/j.apgeog.2024.103288,WOS:001300435000001,"Cultural ecosystem services (CES) are of significant interest due to their effectiveness in assessing the impact of ecosystem degradation on human well-being. The evaluation of spatial coordination between the supply and demand of urban CES is crucial for guiding the sustainable development of urban areas. However, current research and survey methods are time-consuming and laborious, lacking in full integration of beneficiary opinions, and insufficient in examining multiple CES in an integrated manner. In this study, we have developed a novel framework that integrates an investigation-driven a",random_sample_395
Using social media and citizen science to assess cultural ecosystem services along riverine landscapes,2024,"da Silva, C; Pascoal, C; Pace, G; Vaz, AS; Carvalho-Santos, C",AQUATIC CONSERVATION-MARINE AND FRESHWATER ECOSYSTEMS,10.1002/aqc.4233,WOS:001281850200001,"Rivers offer cultural ecosystem services (CES) that improve people's quality of life. Advancements in computing and data storage have primarily focused on terrestrial CES, neglecting riverine areas. This study aims to develop a methodology to assess CES in riverine landscapes from social media and citizen science images related to environmental information. We collected georeferenced pictures from Flickr and iNaturalist for three main test rivers in northwest Portugal (Minho, Lima and C & aacute;vado) and classified them based on content such as 'biodiversity', 'recreation/river beaches', 'his",random_sample_395
Climate change perception scale: Adaptation and psychometric properties in the Indonesian context,2024,"Adiwena, BY; Bramanwidyantari, M",ASIAN JOURNAL OF SOCIAL PSYCHOLOGY,10.1111/ajsp.12595,WOS:001130039700001,"One of the crucial factors in changing behaviour towards pro-environmental actions is climate change perception. The latest measurement tool for assessing this variable is the Climate Change Perception Scale (CCPS). However, CCPS has not gained widespread adoption and usage across different cultures, including Indonesia, and no analyses have been conducted to adapt and validate CCPS in the Indonesian context. Therefore, this study aimed to adapt, validate, and assess the measurement tool's consistency in Indonesia's cultural context. To investigate the instrument's psychometric properties, two",random_sample_395
Exploring Academic Intentions for ChatGPT: A Perspective from the Theory of Planned Behavior,2024,"Ahadzadeh, AS; Wu, SL; Sijia, X",ASR CHIANG MAI UNIVERSITY JOURNAL OF SOCIAL SCIENCES AND HUMANITIES,10.12982/CMUJASR.2024.016,WOS:001266411000008,"Advancements such as OpenAI's ChatGPT are part of cutting-edge megatrends in artificial intelligence (AI). ChatGPT has the potential to reshape education. This article applies the Theory of Planned Behavior (TPB) to investigate the correlation between attitude, subjective norms, perceived behavioral control, and the inclination to utilize ChatGPT for academic purposes. Our methodology involved conducting an online cross-sectional survey of 311 university students in Malaysia, a majority Malaysian (82.3%) and female (61.1%) aged 21-23 (66%). We develop three hypotheses and test them with SmartP",random_sample_395
Measuring the variability of personality traits with interval responses: Psychometric properties of the dual-range slider response format,2024,"Kloft, M; Snijder, JP; Heck, DW",BEHAVIOR RESEARCH METHODS,10.3758/s13428-024-02394-4,WOS:001201331400002,"Measuring the variability in persons' behaviors and experiences using ecological momentary assessment is time-consuming and costly. We investigate whether interval responses provided through a dual-range slider (DRS) response format can be used as a simple and efficient alternative: Respondents indicate variability in their behavior in a retrospective rating by choosing a lower and an upper bound on a continuous, bounded scale. We investigate the psychometric properties of this response format as a prerequisite for further validation. First, we assess the test-retest reliability of factor-scor",random_sample_395
Assessing computational reproducibility in Behavior Research Methods,2024,"Ellis, DA; Towse, J; Brown, O; Cork, A; Davidson, BI; Devereux, S; Hinds, J; Ivory, M; Nightingale, S; Parry, DA; Piwek, L; Shaw, H; Towse, AS",BEHAVIOR RESEARCH METHODS,10.3758/s13428-024-02501-5,WOS:001320163500001,"Psychological science has thrived thanks to new methods and innovative practices. Journals, including Behavior Research Methods (BRM), continue to support the dissemination and evaluation of research assets including data, software/hardware, statistical code, and databases of stimuli. However, such research assets rarely allow for computational reproducibility, meaning they are difficult to reuse. Therefore, in this preregistered report, we explore how BRM's authors and BRM structures shape the landscape of functional research assets. Our broad research questions concern: (1) How quickly metho",random_sample_395
SELF-DESCRIPTION QUESTIONNAIRE II-SHORT (SDQ-II- S): MEASUREMENT PROPERTIES IN SPANISH ADOLESCENTS,2024,"Pérez-Sánchez, JA; Castejón, MA; Parra-Plaza, FJ; Berengüí, R",BEHAVIORAL PSYCHOLOGY-PSICOLOGIA CONDUCTUAL,10.51668/bp.8324308n,WOS:001377682700001,"Self-concept is a fundamental construct that is related to many positive and negative aspects of life. It plays an essential role in adolescence, due to the important biological, social and psychological changes that occur at this stage, and is a determining factor in the academic environment. In order to have appropriate instruments for its assessment, the aim of the study was to analyse the measurement properties and adapt the short version of the Self-Description Questionnaire II (SDQ-II- S) in Spanish adolescent. A sample of 726 secondary school students aged between 12 and 18 years (M= 15",random_sample_395
On the estimation of finite population variance for a mail survey design in the presence of non-response using new conventional and calibrated estimators,2024,"Audu, A; Singh, RVK; Ishaq, OO; Khare, S; Singh, R; Adewara, AA",COMMUNICATIONS IN STATISTICS-THEORY AND METHODS,10.1080/03610926.2022.2093906,WOS:000821821800001,"In this paper, we proposed new conventional unbiased and calibration estimators for estimating finite population variance for a Mail Survey Design characterized by the presence of non-response in practice. The properties of the proposed estimators are studied theoretically and numerically. Empirical studies were conducted using two each of existing and simulated data to illustrate the performance of proposed estimators over existing ones. The results of both theoretical and numerical comparison depicted the superiority of proposed estimators for estimating population variance for a Mail Survey",random_sample_395
Reliability and factorial validity of the cross-media self-presence questionnaire (CM-SPQ),2024,"Dombrovskis, V; Levina, J; Ruza, A",COMPUTERS IN HUMAN BEHAVIOR REPORTS,10.1016/j.chbr.2024.100370,WOS:001161934000001,"The aim of this study was to develop the Cross -Media Self -Presence Questionnaire (CM-SPQ) for assessing selfpresence in a broader range of digital contexts in comparison to the Self -Presence Questionnaire (SPQ) and to subsequently examine its reliability and factorial validity. The SPQ was introduced in 2009 (Ratan & Hasler, 2009) and later examined and developed by Ratan and co-authors (Rattan, 2010, 2011; Ratan & Hasler, 2010; Ratan & Sah, 2014; Ratan & Dawson, 2016). The CM-SPQ was crafted in this study, tailored to measure selfpresence in diverse digital environments. Reliability and fa",random_sample_395
"Investor intention, investor behavior and crypto assets in the framework of decomposed theory of planned behavior",2024,"Pilatin, A; Dilek, O",CURRENT PSYCHOLOGY,10.1007/s12144-023-04307-8,WOS:000936097300001,"The interest in crypto assets, known as an extremely volatile, risky and digital currency that first emerged in 2009, continued to increase day by day. Crypto assets, especially Bitcoin, have become very valuable and are now seen as an investment tool. Online survey data of 1,222 individuals were used in the study. The data were analyzed through the structural equation model. With the Decomposed Theory of Planned Behavior used in the research, the dimensions affecting Attitude, Subjective Norms, Perceived Behavioral Control variables and the effect of Intention on the behavior of investors, na",random_sample_395
The impact of descriptive and injunctive social norms on pro-environmental behavior: astudy using eye-tracking technology,2024,"Ren, MM; Zhong, BW; Fan, W",CURRENT PSYCHOLOGY,10.1007/s12144-024-06909-2,WOS:001358215700001,"Social norms have a stable influence on Pro-environmental behaviors (PEB). A focus theory of normative conduct categorizes social norms into two types: descriptive and injunctive. However, it remains unclear whether these different types of social norms have consistent effects on PEB. This study employs eye-tracking technology to investigate the effects of these social norms on PEB. Experiment 1 examined the effects of descriptive and injunctive social norms on PEB. The results showed that individuals adhering to injunctive social norms exhibited similar levels of engagement in PEB as those fo",random_sample_395
Inventive behaviour of farm scientists a structural equation model,2024,"Gopichand, B; Madhuprasad, VL; Chaitra, G",CURRENT SCIENCE,10.18520/cs/v126/i3/368-373,WOS:001195542400024,"The farm scientists working in State Agricultural Universities (SAUs), strive to solve the problems of farmers from different agro-climatic zones of the country. Inventions of them are crucial for change. Therefore, the present study explores different dimensions that can be included to measure the inventive behaviour of farm scientists, especially in SAUs, as reflected in the model developed. Moreover, this study illustrates how the dimensions identified have implications for the inventive behaviour of farm scientists that helps to overcome the lacuna in this competitive, innovative research ",random_sample_395
"Assessment of cultural ecosystem services of the Qinghai-Tibetan Plateau: Guarding the beauty of the Plateau, co-creating a better future",2024,"Wang, YY; Li, ZX; Deng, XH",ECOLOGICAL INDICATORS,10.1016/j.ecolind.2024.112405,WOS:001287626100001,"Cultural ecosystem services (CES) constitute an integral segment of ecosystem services, encompassing the contributions of the natural environment to human cultural, spiritual, cognitive, and recreational activities. CES is pivotal in enhancing human well-being and quality of life, bolstering social cohesion, and fostering cultural diversity. Qinghai-Tibetan Plateau (QTP), known as the ""Roof of the World"" and the cradle of Tibetan culture, offers various CES through its unique natural landscapes and rich cultural heritage. These services are vital to local communities and hold global cultural a",random_sample_395
Harnessing open science practices to teach ecology and evolutionary biology using interactive tutorials,2024,"Griffith, JE; Houghton, E; Slein, MA; Franco, MF; Chávez, J; Forsythe, AB; Glynn, VM; Katkov, E; Palmier, KM; Sang, ZHH; Trejo-Pérez, R; Wiley, B; Sunday, JM; Bernhardt, JR",ECOLOGY AND EVOLUTION,10.1002/ece3.11179,WOS:001235118800001,"Open science skills are increasingly important for a career in ecology and evolutionary biology (EEB) as efforts to make data and analyses publicly available continue to become more commonplace. While learning core concepts in EEB, students are also expected to gain skills in conducting open science to prepare for future careers. Core open science skills like programming, data sharing, and practices that promote reproducibility can be taught to undergraduate students alongside core concepts in EEB. Yet, these skills are not always taught in biology undergraduate programs, and a major challenge",random_sample_395
Assessing psychological factors on farmers' intention to apply organic manure: an application of extended theory of planned behavior,2024,"Li, J; Jiang, R; Tang, XY",ENVIRONMENT DEVELOPMENT AND SUSTAINABILITY,10.1007/s10668-022-02829-y,WOS:000899140800001,"Different from the previous studies on social and economic impacts, this study focused on the assessment of psychological factors on farmers' application of organic manure. We explored the psychological evaluation based on the extended theory of planned behavior (TPB), which consists of attitude (AT), perceived behavior control (PBC), subjective norm, moral norm (MN), environmental risk perception (ERP), and perceived policy effectiveness (PPE). Further, we explored the moderating effects of PPE. We studied 235 tea growers in China to verify the model and analyzed the psychological factors in ",random_sample_395
Connectedness to nature: a tale of three scales,2024,"Beery, T; Fridberg, M; Praestholm, S; Wunsche, TU; Bolling, M",ENVIRONMENTAL EDUCATION RESEARCH,10.1080/13504622.2024.2320342,WOS:001182274300001,"A substantial body of research highlights the value of nature experience in supporting children's well-being and development. Given the growing interest in connectedness to nature (C2N), a better understanding of C2N measurement provides multiple opportunities, including consideration of the use of tools for research purposes and practitioner program measurement. The combination of interest in C2N and the potential for measuring the human relationship with nature provide the background for this exploratory study. The study's goal was to highlight the appropriate use of C2N scales based on cons",random_sample_395
PASS4SWAT: Orchestration of containerized SWAT for facilitating computational reproducibility of model calibration and uncertainty analysis,2024,"Lin, QY; Zhang, DJ; Wu, JF; Chen, XW; Fang, YH; Lin, BQ",ENVIRONMENTAL MODELLING & SOFTWARE,10.1016/j.envsoft.2024.106085,WOS:001246645500001,"When performing modeling routines with iterative simulations, a research gap exists in developing the parallelizing frameworks that are adaptable to the increasing complexities of the hydrologic models. This study addresses this gap by proposing a parallel simulation stack for SWAT (PASS4SWAT) that leverages the power of cloud-native infrastructure. Cloud -native applications are designed to be scalable, agile, and resilient, making them ideal for computationally intensive tasks such as hydrologic modeling. To achieve this goal, PASS4SWAT was created by integrating a message broker, a containe",random_sample_395
Forest Owners' Intention to Safeguard Forest Biodiversity: An Application of the Theory of Planned Behavior,2024,"Koskela, T; Karppinen, H",FOREST SCIENCE,10.1093/forsci/fxad044,WOS:001095995700001,"Private nonindustrial forest owners' intention to safeguard biodiversity in their own forest was studied by applying the theory of planned behavior. The data were collected in a nationwide mail survey sent to 3,000 Finnish forest owners (response rate 35%). The impact of attitudes, subjective norm, and perceived behavioral control on the intention to safeguard biodiversity was empirically tested by estimating structural equation models (SEM). The empirical estimations supported the theoretical model. The influence of perceived behavioral control was inhibiting on the intention and slightly str",random_sample_395
Using large language models to support pre-service teachers mathematical reasoning-an exploratory study on ChatGPT as an instrument for creating mathematical proofs in geometry,2024,"Dilling, F; Herrmann, M",FRONTIERS IN ARTIFICIAL INTELLIGENCE,10.3389/frai.2024.1460337,WOS:001347812800001,"In this exploratory study, the potential of large language models (LLMs), specifically ChatGPT to support pre-service primary education mathematics teachers in constructing mathematical proofs in geometry is investigated. Utilizing the theoretical framework of instrumental genesis, the prior experiences of students with LLMs, their beliefs about the operating principle and their interactions with the chatbot are analyzed. Using qualitative content analysis, inductive categories for these aspects are formed. Results indicate that students had limited prior experiences with LLMs and used them pr",random_sample_395
Effects of different audiovisual landscapes in bamboo forest space on physical and mental restorative potential of university students: based on eye-tracking experiments,2024,"Zhu, CY; Feng, XD; Luo, JM; Fu, SS; Li, TH; Wang, W; Li, X",FRONTIERS IN FORESTS AND GLOBAL CHANGE,10.3389/ffgc.2024.1415514,WOS:001298655600001,"With its unique audiovisual environment, bamboo forest spaces serve as natural sanctuaries for urban residents, offering significant restorative effects by reducing physical and mental stress and alleviating fatigue. This promotes the vigorous development of outdoor recreation activities. To further explore the restorative effects of bamboo forest space on people's audiovisual perceptual aspects. In this study, we conducted field research in the Southern Sichuan Bamboo Sea, collecting audiovisual materials from four types of bamboo forest spaces: pathway type, cultural type, ornamental type, a",random_sample_395
Self-reported previous experiences with sharks and stingrays predict behavioral intentions of tolerance: differential effects of wild versus captive marine predators,2024,"Hancock, GM; Dudley, KD; Long, DD; Lowe, CG",FRONTIERS IN MARINE SCIENCE,10.3389/fmars.2024.1501367,WOS:001375520100001,"Previous research has shown that the general population are more likely to learn about certain species groups (such as sharks) from popular media as opposed to their own first-hand experience. Yet, personal encounters with these animals can drastically affect people's beliefs and behaviors. This study surveyed 380 members of the public to assess their previous experience of encountering sharks and stingrays in the wild as well as at zoos and aquaria, and tested how said experiences influenced their behavioral intentions of tolerance for these particular elasmobranchs. Results indicated that se",random_sample_395
PhyLab - a virtual reality laboratory for experiments in physics: a pilot study on intervention effectiveness and gender differences,2024,"Korlat, S; Kollmayer, M; Haider, C; Hlavacs, H; Martinek, D; Pazour, P; Spiel, C",FRONTIERS IN PSYCHOLOGY,10.3389/fpsyg.2024.1284597,WOS:001174755600001,"Introduction New technologies have great potential to facilitate students' understanding and appreciation of one of the most abstract and challenging school subjects - physics. This study aimed to examine the effects of a game-based virtual reality teaching method on secondary school students' self-beliefs, interest, and performance in physics through a quasi-experimental design using pre- and post-test data. The evaluation is based on the systemic actiotope model that explains a person's goal-oriented actions by an interplay of their environment, action repertoire (i.e., students' performance",random_sample_395
"Using an Instagram campaign to influence knowledge, subjective norms, perceived behavioral control, and behavioral intentions for sustainable behaviors",2024,"Varni, A; Thai, CL; Jamaleddine, S",FRONTIERS IN PSYCHOLOGY,10.3389/fpsyg.2024.1377211,WOS:001291071900001,"Introduction: Climate change poses one of the most pervasive threats to the planet today. Intervention is required to promote pro-environmental behaviors among individuals to curb its effects. Borrowing several constructs from the Theory of Planned Behavior, we designed and evaluated a campaign, delivered primarily through Instagram, to shift sustainability-related cognitions and behaviors among university students. Methods: An online survey was distributed to undergraduate students at a Northern California university and collected responses from 1,552 participants. Results: Comparing students",random_sample_395
"Exploring sense of spaciousness in interior settings: Screen-based assessments with eye tracking, and virtual reality evaluations",2024,"Tural, A; Tural, E",FRONTIERS IN PSYCHOLOGY,10.3389/fpsyg.2024.1473520,WOS:001381416900001,"This study investigates the perception of spaciousness in interior environments using screen-based assessments with eye tracking, and virtual reality (VR) technologies. The research explores how four key design elements -view access, view content, materiality, and ceiling geometry- influence perceived spaciousness. Thirty-five college students participated in screen-based and VR-based evaluations of 16 photorealistic interior settings. Eye tracking data were collected during screen-based assessments to analyze visual attention patterns. Statistical analyses included repeated measures ANOVAs, p",random_sample_395
"Psychological capital, mindfulness, and teacher burnout: insights from Chinese EFL educators through structural equation modeling",2024,"Liu, DX; Du, RK",FRONTIERS IN PSYCHOLOGY,10.3389/fpsyg.2024.1351912,WOS:001192117700001,"Objective This cross-sectional study employs Structural Equation Modeling (SEM) to examine the relationships among psychological capital, mindfulness, and teacher burnout in a sample of 387 Chinese English as a Foreign Language (EFL) educators.Methods Self-reported data were analyzed to investigate the direct and indirect effects of psychological capital on teacher burnout, with mindfulness serving as a potential mediator.Results Our SEM analysis reveals a significant direct negative association between psychological capital and teacher burnout. Moreover, mindfulness significantly mediates the",random_sample_395
Not only seeds: a cultural ecosystem service provided by the Apennine brown bear,2024,"Tattoni, C; Galaverni, M; Pollutri, A; Preatoni, DG; Martinoli, A; Araña, JE",HUMAN DIMENSIONS OF WILDLIFE,10.1080/10871209.2023.2176950,WOS:000932981800001,"The unequal distribution of the costs and benefits of living with wildlife is one of the causes of human-carnivore conflicts. The existence of large carnivores is valued globally, but the costs of damages and management impacts human residents. The Apennine brown bear is endemic of central Italy and, besides its ecological value, it can attract tourists in search of nature and wilderness. The Advertising Value Equivalent of the bears' appearances in the national newspaper and on television from 2015 to 2020 was used to calculate the economic value of this flagship species as a destination imag",random_sample_395
"Actively encouraging online responses to a mixed-mode mail and web survey: a case of nudging anglers in Ontario, Canada",2024,"Hunt, LM",HUMAN DIMENSIONS OF WILDLIFE,10.1080/10871209.2023.2206169,WOS:000977049600001,"Little effort has focused on encouraging less costly, online responses within mixed-mode surveys. From an Ontario angler survey, this gap is addressed by applying a nudge (i.e., mail push to web) or control (i.e., providing a print questionnaire and return envelope) for the final mail contact. The nudge increased the share of online responses from the final contact by over 40% while only slightly decreasing (1.3%) the response rate. The nudge most heavily affected senior anglers (65-70 years old) who experienced a 58% increase in online responses but an 11% decrease to the response rate from t",random_sample_395
Does the impact of the COVID-19 inhibit global entrepreneurial activities? Structural equation model analysis based on GEM data of 90 countries,2024,"Zhu, JS; Wu, Y",INTERNATIONAL ENTREPRENEURSHIP AND MANAGEMENT JOURNAL,10.1007/s11365-023-00890-1,WOS:001058281600001,"Using survey data from 90 nations polled by the GlobalEntrepreneurship Monitor (GEM) in the past two years from 2020 to 2022, this study evaluates the effect of COVID-19 on global entrepreneurship and its mechanism using a structural equation model (SEM). The results show that under the impact of COVID-19, entrepreneurial activities are still active, becoming the fortunate choice for many people to turn danger into opportunity. Entrepreneurial self-efficacy and motivation play a significant chain-mediating role in the impact of COVID-19 on entrepreneurial activities. The entrepreneurial enviro",random_sample_395
Authenticity of cultural heritage vis-a-vis heritage reproducibility and intangibility: from conservation philosophy to practice,2024,"Nakonieczna, E; Szczepanski, J",INTERNATIONAL JOURNAL OF CULTURAL POLICY,10.1080/10286632.2023.2177642,WOS:000950937200001,"This article states that the philosophical nature/ambiguity/controversy of the issue of authenticity undermines its usefulness as a tool in conservation practice. The main drawback is the inability to objectively define the notion of authenticity. In conservation philosophy, the meaning of authenticity relativizes along with the widespread consent to the reproducibility of cultural heritage, whereas the recognition of its intangibility negates the sense of authenticity. In the World Heritage (WH) policy and practice, the uselessness/counterproductivity of authenticity as a necessary requiremen",random_sample_395
"Translanguaging, motivation, learning, and intercultural citizenship among EMI students: A structural equation modelling analysis",2024,"Gu, MM; Jiang, GL; Chiu, MM",INTERNATIONAL JOURNAL OF INTERCULTURAL RELATIONS,10.1016/j.ijintrel.2024.101983,WOS:001249286900001,"Supporting students ' flexible use of multiple languages (translanguaging) in English medium instruction (EMI) classrooms might affect students ' learning motivation, content and language learning, intercultural competence and intercultural citizenship. Such effect of translanguaging remains underexamined due to a predominance of qualitative inquiries in prior studies. In mainland China, 705 university students with EMI learning experiences completed our surveys. Structural equation modelling showed that among these students, those who received teacher translanguaging instruction have better a",random_sample_395
Predicting elderly users' intention of digital payments during COVID-19: an extension of the theory of planned behavior model,2024,"Zhu, JJ; Li, X; Jiang, YS; Ma, WJ",INTERNATIONAL JOURNAL OF SOCIAL ECONOMICS,10.1108/IJSE-11-2022-0759,WOS:001052060000001,"PurposePromoting the adoption of digital payments by the elderly plays an important role in the development of the digital economy. The purpose of this study is to build an extended theory of planned behavior (TPB) model to predict the elderly's intention to pay for digital services under COVID-19 epidemic constraints.Design/methodology/approachBased on the extended TPB model, 320 qualified participants were recruited on the network. The structural equation model was tested using the SmartPLS3.3 tool, and the moderation effects were tested through SPSS26 and the Process macro.FindingsThe resul",random_sample_395
How much do survey response rates affect relationships among variables?,2024,"Beehr, TA; Kim, M; Armstrong, IW",INTERNATIONAL JOURNAL OF SOCIAL RESEARCH METHODOLOGY,10.1080/13645579.2022.2113663,WOS:000841842400001,"Previous research extensively studied reasons for and ways to avoid low response rates, but it largely ignored the primary research issue of the degree to which response rates matter, which we address. Methodological survey research on response rates has been concerned with how to increase responsiveness and with the effects of response rates on variables' means and frequencies. More important to theory-oriented research, however, are effects of response rates on effect sizes (strength of relationships between variables). We examined recent survey research (446 correlations in 252 studies 2000",random_sample_395
"A meta-analysis of worldwide recruitment rates in 23 probability-based online panels, between 2007 and 2019",2024,"Kocar, S; Kaczmirek, L",INTERNATIONAL JOURNAL OF SOCIAL RESEARCH METHODOLOGY,10.1080/13645579.2023.2242202,WOS:001040789500001,"This study is a meta-analysis of overall recruitment rate (ORR) in probability-based online panel research. In this study, we included 23 general population probability-based online panels (out of 28 identified and described) covering 15 countries and provided a comprehensive overview of their methodological approaches to recruitment. We calculated the average ORR and carried out a meta-regression with selected moderators. On average less than 1 out of 5 eligible sampled people registered as panel members, but the data showed a very high heterogeneity of ORRs. We found that recruitment rates w",random_sample_395
"'They must know their rights'- reflecting on privacy, informed consent and the digital agency of asylum seekers and refugees in border contexts",2024,"Lintner, C",INTERNATIONAL MIGRATION,10.1111/imig.13299,WOS:001267430300001,"The article questions digital agency as a subjective experience of refugees when crossing Europe's external and internal borders. More concretely, the article asks how refugees experience digital agency, and how this concrete experience is constituted in specific border practices. In doing so, it examines the contradictions that arise between European laws and human rights in the context of border practices. The analysis of the data of this paper reflects two important components of digital agency: the sense of ownership and control of one's body and actions, and the capacity to think independ",random_sample_395
Rental subsidies and take-up barriers in an era of expensive rents: An extended version of the theory of planned behaviour,2024,"Flynn, L; Buscicchio, G",JOURNAL OF COMMUNITY & APPLIED SOCIAL PSYCHOLOGY,10.1002/casp.2858,WOS:001288217600001,"Despite increasing rent price burdens throughout Europe, many eligible households for rental subsidies do not use them. Understanding determinants of low take-up is crucial for evaluating program effectiveness and anticipating fiscal implications. To identify those determinants, we built an extended version of the theory of planned behaviour, incorporating dimensions from the claiming costs scale. In an online survey, participants comprising renting households likely eligible for the housing subsidy from Germany (n = 862) and Spain (n = 1032) completed measures of behavioural intention, rental",random_sample_395
The Oxford House Stability Questionnaire: An Effort to Classify Recovery Homes,2024,"Jason, LA; Garrity, E; O'Brien, C; Bobak, T",JOURNAL OF COMMUNITY PSYCHOLOGY,10.1002/jcop.23168,WOS:001379246700001,"Recovery homes are located throughout the United States, with the self-governed Oxford Houses representing one of the largest networks with over 3000 homes. Although there is a growing literature on the characteristics and outcomes of these recovery homes, far less is known about differences among the homes. The current study used a set of characteristics that had been proposed by a leader within the Oxford House recovery movement, and a university research team operationalized them into what is now called the Oxford House Stability Questionnaire. This scale was administered to attendees at th",random_sample_395
"Exploring social media as a tool for disentangling cultural ecosystem service values of whale-watching to inform environmental judgements and ethics: the case of Húsavík, Iceland",2024,"Gómez, S; Patraca, B; Zoghbi, J; Ariza, E; Wilke, M; Einarsson, N; Smaradóttir, S; Huijbens, E; Chambers, C",JOURNAL OF ECOTOURISM,10.1080/14724049.2024.2308367,WOS:001153754200001,"This explorative study contributes to developing methods using social media data and social network theory in tourism studies to unravel cultural ecosystem values. Focused on the case of an emblematic village for whale-watching activity, Husavik, in Skjalfandi Bay, Iceland, this study explores the cultural ecosystem service values of individuals as expressed through social media (TripAdvisor and Instagram) related to the practice of whale-watching. The aim is to document the cultural ecosystem service values and environmental judgements which provide information that could be used in future ma",random_sample_395
Economic valuation of cultural ecosystem services: A case of tropical reservoir ecosystem,2024,"Meharoof, M; Yadav, VK; Sharma, A; Anitha, V; Paul, TT; Paul, L; Dave, CP",JOURNAL OF ENVIRONMENTAL BIOLOGY,10.22438/jeb/45/5/MRN-5265,WOS:001314958000011,"Aim: This study analyzes the economic value of ecotourism in the Peechi reservoir of Kerala, focusing on cultural ecosystem services (CES) provided by the reservoir.",random_sample_395
Factors influencing farmers' intention to participate in the voluntary carbon market: An extended theory of planned behavior,2024,"Cammarata, M; Scuderi, A; Timpanaro, G; Cascone, G",JOURNAL OF ENVIRONMENTAL MANAGEMENT,10.1016/j.jenvman.2024.122367,WOS:001307848900001,"Carbon sequestration in agricultural soils is essential for sustainable agriculture, contributing to the achievement of the Sustainable Development Goals and combating climate change. The Voluntary Carbon Market (VCM), designed to encourage farmers to implement sequestration practices, is a recent innovation in Europe, in contrast to the well-established American system. Consequently, there is limited understanding of farmers' intentions to participate. The study analyzes farmers' willingness to participate in VCM and the influencing factors through the Extended Theory of Planned Behavior (ETP",random_sample_395
How online pro-environmental games affect users' pro-environmental behavioural intentions? - Insights from Ant Forest,2024,"Hu, X; Li, MG; Gu, M; Zhang, B",JOURNAL OF ENVIRONMENTAL MANAGEMENT,10.1016/j.jenvman.2024.122182,WOS:001294881200001,"Information technology has created new ways for people to participate in environmental protection. Ant Forest, a pro-environmental game that actively encourages users to take part in offline environmental activities through online gaming content, has gained great popularity. However, research in this area is still limited, and the effect of playing such games on users' pro-environmental intentions in real life and the underlying mechanisms are unknown. Therefore, this research draws from Persuasive Systems Design model and value theory and examines the relationships between design features of ",random_sample_395
Empowerment of elder family caregivers in the context of Vietnam: applying the theory of planned behavior,2024,"Ngo, QA; Huy, PT; Tran, TMP",JOURNAL OF POPULATION RESEARCH,10.1007/s12546-024-09335-0,WOS:001237385500001,"The current paper proposes and tests a model of caregiver empowerment among family caregivers of elderly people in Vietnam. Based on the theory of planned behavior, the study investigates the role of filial piety, work-caregiving conflict, and self-efficacy on intention to craft the caregiving job. Intention to craft is then expected to result in actual caregiving job crafting behaviors, with the later proposed to predict caregiver empowerment. Analysis of data collected from a two-wave survey of family caregivers confirms the proposed hypotheses. The results of the study serve as a reference ",random_sample_395
"N, N-Dimethyltryptamine (DMT)-Occasioned Familiarity and the Sense of Familiarity Questionnaire (SOF-Q)",2024,"Lawrence, DW; DiBattista, AP; Timmermann, C",JOURNAL OF PSYCHOACTIVE DRUGS,10.1080/02791072.2023.2230568,WOS:001022773900001,"This study investigated the sense of familiarity attributed to N, N-dimethyltryptamine (DMT) experiences. 227 naturalistic inhaled-DMT experiences reporting a sense of familiarity were included. No experiences referenced a previous DMT or psychedelic experience as the source of the familiarity. A high prevalence of concomitant features discordant from ordinary consciousness were identified: features of a mystical experience (97.4%), ego-dissolution (16.3%), and a ""profound experience of death"" (11.0%). The Sense of Familiarity Questionnaire (SOF-Q) was developed assessing 19 features of famili",random_sample_395
Reducing Burden in a Web Survey through Dependent Interviewing,2024,"Engstrom, C; Sinibaldi, J",JOURNAL OF SURVEY STATISTICS AND METHODOLOGY,10.1093/jssam/smad006,WOS:000949906700001,"Longitudinal surveys provide valuable data for tracking change in a cohort of individuals over time. Respondents are often asked to provide similar, if not the same, data at multiple time points. One could argue that this unnecessarily increases respondent burden, especially for information that does not change frequently. One way to reduce burden while still capturing up-to-date information may be to implement dependent interviewing (DI), where the respondent is provided information from the last data collection to aid in answering the current survey. If the information is still correct, then",random_sample_395
Equipping the Offline Population with Internet Access in an Online Panel: Does It Make a Difference?,2024,"Bach, RL; Cornesse, C; Daikeler, J",JOURNAL OF SURVEY STATISTICS AND METHODOLOGY,10.1093/jssam/smad003,WOS:000938706100001,"Online panel surveys are often criticized for their inability to cover the offline population, potentially resulting in coverage error. Previous research has demonstrated that non-internet users in fact differ from online individuals on several sociodemographic characteristics. In attempts to reduce coverage error due to missing the offline population, several probability-based online panels equip offline households with an internet connection and a simple computer or tablet. However, the question remains whether the recruitment of offline individuals for an online panel leads to substantial c",random_sample_395
Three Approaches to Improve Inferences Based on Survey Data Collected with Mixed-mode Designs,2024,"Yu, WS; Elliott, MR; Raghunathan, TE",JOURNAL OF SURVEY STATISTICS AND METHODOLOGY,10.1093/jssam/smae012,WOS:001209034100001,"Mixed-mode designs have become increasingly common in survey data collection. Although different modes often have different measurement properties, the standard practice is to treat mixed-mode data as if they had been collected with a single mode, neglecting the potential impact of mode effects. To account for potential mode effects when making inferences for mixed-mode samples, we propose (i) a Testimator approach, (ii) a Bayesian approach, and (iii) a model averaging approach. In the Testimator approach, we test whether the means and the variances of mixed-mode samples are the same. If the m",random_sample_395
Text Messages to Facilitate the Transition to Web-First Sequential Mixed-Mode Designs in Longitudinal Surveys,2024,"Cabrera-Alvarez, P; Lynn, P",JOURNAL OF SURVEY STATISTICS AND METHODOLOGY,10.1093/jssam/smae003,WOS:001186105900001,"This article is concerned with the transition of a longitudinal survey from a single-mode design to a web-first mixed-mode design and the role that text messages to sample members can play in smoothing that transition. We present the results of an experiment that investigates the effects of augmenting the contact strategy of letters and emails with text messages, inviting the sample members to complete a web questionnaire and reminding them of the invite. The experiment was conducted in a subsample of Understanding Society, a household panel survey in the United Kingdom, in the wave that trans",random_sample_395
Comparative Study on the Perception of Cultural Ecosystem Services in Taibai Mountain National Forest Park from Different Stakeholder Perspectives,2024,"Li, JX; Li, KK; Wang, YB; Jiao, R",LAND,10.3390/land13122207,WOS:001386607000001,"The core of the cultural services of ecosystems (CESs) is the spiritual connection between humans and nature, and participatory mapping from the stakeholder perspective is an effective method for perceiving and protecting hotspot CES areas. This study used participatory mapping combined with 184 interviews and questionnaires, completed on 10 December 2023, to investigate the perceptions of CESs in Taibai Mountain National Forest Park by different stakeholder groups; spatial and correlation analyses were used to comparatively analyze the characteristics of the differences in the perceptions of ",random_sample_395
In Pursuit of Eye Tracking for Visual Landscape Assessments,2024,"Evans, D; Chamberlain, B",LAND,10.3390/land13081184,WOS:001305197700001,"Visual quality and impact assessments have historically relied on experts to formally evaluate the visual properties of a landscape. In contrast, environmental psychologists have studied subjective landscape preferences using ratings and surveys. These two approaches represent, respectively, the ""objectivist"" and ""subjectivist"" paradigms within visual landscape research. A gap, however, exists between these approaches: actual observation behaviors. In this paper, we argue for the inclusion of eye-tracking research in visual landscape assessments as a critical bridge between objective landscape",random_sample_395
Integrated Eye-Tracking Response Surface Analysis to Optimize the Design of Garden Landscapes,2024,"Wang, XM; Che, BQ; Lou, Q; Zhu, R",LAND,10.3390/land13071045,WOS:001277670300001,"Gardens not only provide people with a place for leisure and relaxation, they also contribute to improving urban ecological environments and promoting social interactions and cohesion. Additionally, from a psychological perspective, gardens play a role in alleviating stress, enhancing happiness, and improving the quality of life. Current research on gardens has primarily employed methods such as questionnaire surveys, environmental psychology analyses, and eye-tracking analyses; however, comprehensive studies on the relationships between multiple factors and levels in garden designs are lackin",random_sample_395
Evaluating Public Satisfaction and Its Determinants in Chinese Sponge Cities Using Structural Equation Modeling,2024,"Wang, R; Wu, YY; Niu, JQ; Wang, N; Wu, H",LAND,10.3390/land13081225,WOS:001304701300001,"Public satisfaction is an important indicator of the success of environmental policies and management practices. China's sponge city development (SCD) initiative was launched in 2014 and has received international attention for its technical advancements and environmental achievements. Public satisfaction, however, has not been fully investigated in cities transformed by SCD. This study uses public surveys and structural equation modeling to evaluate people's satisfaction with SCD in four pilot sponge cities, and how familiarity with SCD, perceived benefits, concerns about adverse effects, and",random_sample_395
Unpacking the behavioral intentions of 'emergent farmers' towards mechanized conservation agriculture in Zambia,2024,"Omulo, G; Daum, T; Köller, K; Birner, R",LAND USE POLICY,10.1016/j.landusepol.2023.106979,WOS:001119437100001,"Conservation Agriculture (CA) continues to gain relevance among small and medium-scale farmers in African countries, including Zambia, in response to food insecurity and the adverse effects of climate change. The rise in the number of market-oriented farmers, known as 'emergent farmers,' who acquire and utilize tractors and associated implements for agricultural production, has brought new dynamism to Zambian agriculture. While prior studies emphasize the significance of considering socio-economic and psychological factors in understanding farmers' adoption decisions, the underlying socio-econ",random_sample_395
Spatial dimensions in stated preference valuation: The role of place attachment,2024,"Iversen, EK; Dugstad, A",LAND USE POLICY,10.1016/j.landusepol.2023.106971,WOS:001121060000001,"The importance of considering spatial dimensions in welfare analysis is increasingly acknowledged, but there are still knowledge gaps. For this purpose, we turn to environmental psychology and use place attachment, the functional and emotional bond people have to a defined place. We conduct a stated preference study of new recreational mountain homes in southeast Norway and investigate the concept of place attachment to explain spatial preference heterogeneity towards reducing recreational home developments and preserving the mountain landscape and biodiversity. Using structural equation model",random_sample_395
"A systematic review of cultural ecosystem services of blue carbon ecosystems: Trends, gaps, and challenges in Asia and beyond",2024,"Quevedo, JMD; Kohsaka, R",MARINE POLICY,10.1016/j.marpol.2023.105898,WOS:001105559000001,"Blue carbon ecosystems (BCEs) have reached international prominence for their role in global climate change mitigation while delivering other essential ecosystem services. Among these, cultural ecosystem services (CES) of BCEs, which are the non-material benefits that contribute to human well-being, are often under represented and unexplored due to challenges in identifying and valuing intangible benefits. Reflecting these challenges, a systematic review was conducted to analyze the state of research on CES of BCEs. Specifically, we identified the abundance of CES research, geographic distribu",random_sample_395
Pro-environmental intention toward sustainable rangeland's management; application of protection motivation and cultural theories,2024,"Madadizadeh, NA; Arzani, H; Javadi, SA; Mohammadi, SHM; Razzaghi, MH",NATURAL RESOURCES FORUM,10.1111/1477-8947.12315,WOS:001061768600001,This empirical study attempts to deal with an exploration gap surrounding Iranian pastoralists' pro-environmental intention regarding sustainable rangeland management. This study tested a combination of protection motivation and cultural values theories using structural equation modeling. A sample among rangeland's users was selected and the sample size was determined using Cochrane's (1963) formula to be 289. Data for this study were collected using a researcher-made questionnaire. Data were analyzed using SPSS (version 20) and AMOS (version 20). The results showed that the conceptual model o,random_sample_395
Beach user perspectives on the upscaling of sand nourishments in response to sea level rise - A discrete choice experiment,2024,"Bax, V; van de Lageweg, WI; de Groot, S; Moerbeek, W",OCEAN & COASTAL MANAGEMENT,10.1016/j.ocecoaman.2024.107139,WOS:001225539100001,"Sand nourishments are crucial to counteract coastal erosion and preserve a variety of coastal functions, including beach recreation and tourism. In the coming decades, an increase in the scale of sand nourishment operations is needed to adapt to sea level rise. This could induce changes to the current configuration and management of the coastal landscape, and thereby impact the recreational quality of the coast. Yet, the nature and extent of these impacts remain poorly understood. In this study, we carry out a discrete choice experiment in two case study locations in the Netherlands to examine",random_sample_395
"A structural equation modeling-based approach to identify the determinants of Lantana camara invasion in the Terai Arc Landscape, India",2024,"Mondal, T; Dasgupta, S; Bhatt, D; Krishnamurthy, R",PLANT ECOLOGY,10.1007/s11258-024-01399-5,WOS:001163218800001,"Biological invasion is regarded as one of the most important disturbance parameters and threats for sustaining biodiversity. Global warming, industrialization, and open niche created due to the expansion of development initiatives contribute to the successful spread of invasive species around the world. The contributions of various biotic and abiotic factors in different spatial scales are crucial for an invasive to establish in its invaded area. We assessed the spatial distribution of invasion by Lantana camara in the Corbett Tiger Reserve and Rajaji Tiger Reserve within the Terai Arc Landsca",random_sample_395
Career sacrifice for an LGBTQ*-friendly work environment? a choice experiment to investigate the job preferences of LGBTQ* people,2024,"Zindel, Z; de Vries, L",PLOS ONE,10.1371/journal.pone.0296419,WOS:001255170400023,"Recent research in economics and sociology demonstrates the existence of significant occupational segregation by sexual orientation and gender identity and differences in a range of labor market outcomes, such as hiring chances, earnings, and leadership positions. In this paper, we examine one possible cause of these differences that is associated with the disadvantaged position of sexual and gender minorities in the labor market: LGBTQ* individuals' choices aimed at avoiding possible discrimination. This paper examines LGBTQ* people's relative importance of income, time, promotion prospects, ",random_sample_395
The self-reported driving and pedestrian behaviour of adults with developmental coordination disorder,2024,"Shipley, I; Esselaar, M; Wood, S; Parr, JVV; Wright, DJ; Wood, G",PLOS ONE,10.1371/journal.pone.0301115,WOS:001219469600002,"Background Developmental coordination disorder (DCD) affects movement coordination, but little is known about how the condition impacts the behaviours of car drivers and pedestrians.Aims This study examined the self-reported driving and pedestrian behaviours of adults with Developmental Coordination Disorder (DCD).Methods and procedures One hundred and twenty-eight participants (62 adults with DCD vs. 66 TD adults) responded to an online survey asking them about their perceptions of confidence and self-reported driving and pedestrian behaviours in the real-world.Outcomes and results Results su",random_sample_395
Different types of mobile phone use while driving and influencing factors on intention and behavior: Insights from an expanded theory of planned behavior,2024,"Okati-Aliabad, H; Habybabady, RH; Sabouri, M; Mohammadi, M",PLOS ONE,10.1371/journal.pone.0300158,WOS:001181714300025,"Mobile phone use while driving (MPUWD) is a significant concern due to its negative impact on road safety. This cross-sectional study aimed to assess different types of MPUWD and identify factors influencing intention and behavior among drivers in Zahedan. A total of 392 participants provided information on demographic and driving characteristics, as well as constructs derived from the Theory of Planned Behavior (TPB) augmented with moral norms. Findings revealed that a majority of drivers (86.4%) engaged in MPUWD, primarily involving calling, using applications, and texting. However, most par",random_sample_395
Artificial Intelligence in Academic Translation: A Comparative Study of Large Language Models and Google Translate,2024,"Mohsen, MA",PSYCHOLINGUISTICS,10.31470/2309-1797-2024-35-2-134-156,WOS:001301887100006,"Purpose. The advent of Large Language Model (LLM), a generative artificial intelligence (AI) model, in November 2022 has had a profound impact on various domains, including the field of translation studies. This motivated this study to conduct a rigorous evaluation of the effectiveness and precision of machine translation, represented by Google Translate (GT), in comparison to Large Language Models (LLMs), specifically ChatGPT 3.5 and 4, when translating academic abstracts bidirectionally between English and Arabic. Methods. Employing a mixed-design approach, this study utilizes a corpus compr",random_sample_395
Exploring the utility of community-based participatory research to investigate mindfulness-based interventions in schools,2024,"Grunewald, NM; Foley-Nicpon, M",PSYCHOLOGY IN THE SCHOOLS,10.1002/pits.23059,WOS:001081771700001,"Mindfulness-based programs have become popular, empirically supported treatment modalities for increasing positive psychological outcomes for children and adolescents, with an overall effect size of 0.4. We argue for implementing community-based participatory research (CBPR) methodology to investigate the specific effects of mindfulness-based intervention (MBI) programs within schools. While interest in MBIs in schools has resulted in their increased application, research based on CBPR methodology can fill several gaps in the existing literature by collaborating with school personnel and viewi",random_sample_395
Socio-Psychological Resources of Career Development of an Organization's Employee: Evaluation of Structure and Reliability of a New Version of Lyness and Thompson's Questionnaire,2024,"Mararitsaa, LV; Gurievaa, SD; Aleksandrovaa, ES; Skryabinb, MA",PSYCHOLOGY-JOURNAL OF THE HIGHER SCHOOL OF ECONOMICS,10.17323/1813-8918-2024-4-764-786,WOS:001404268900003,"Studying of the social environment of anorganization as a resource for career development of its employee is important for the analysis of the factors of their professional advancement. The presented article describes the characteristics of a socio-psychological tool for assessing the career resources of an employee in an organization. The developed questionnaire studies the socio-psychological resources of career development of an employee in an organization, which appear at the nexus of the organization as a social group and the individual. These resources include the perceived compliance wi",random_sample_395
The benefits and disbenefits associated with cultural ecosystem services of urban green spaces,2024,"Nowak-Olejnik, A; Dzialek, J; Hibner, J; Liro, J; Madej, R; Sudmanns, M; Haase, D",SCIENCE OF THE TOTAL ENVIRONMENT,10.1016/j.scitotenv.2024.172092,WOS:001217399400002,"Cultural ecosystem services (CES) and disservices shape landscape planning policy to a huge extent. We focus on the benefits and disbenefits associated with CES. The study aimed to explore the co-occurrence of the benefits and disbenefits associated with CES as well as the relationship between spatial and landscape characteristics and specific benefits and disbenefits. We conducted a map-based online questionnaire among visitors of two urban green spaces in Krak<acute accent>ow, Poland (Wolski Forest and Jordan Park). Respondents were asked to map places visited and assign them benefits and di",random_sample_395
Modeling the distribution of cultural ecosystem services based on future climate variables under different scenarios,2024,"You, C; Qu, HJ; Yin, L; Guo, L",SCIENTIFIC REPORTS,10.1038/s41598-024-78798-1,WOS:001457881200090,"With the far-reaching consequences of worldwide climate variationon ecosystems and human societies, understanding and predicting changes in cultural ecosystem services (CES) is essential for sustainable development policy and resource planning. Past studies have focused on changes and impacts on natural ecosystems, while relatively few studies have been conducted on predictions of CES. This study combines POI datasets with future climate variables under different scenarios into the Maxent model for forecasting the spatial and temporal distribution of CES, which provides strong support for futu",random_sample_395
Feasibility assessment of a clean and efficient fire extinguishing system for pottery jar liquor warehouses,2024,"Li, XM; Wan, W; Zhao, YK; Bai, G; Shi, XX; Chen, B; Zhang, YT",SCIENTIFIC REPORTS,10.1038/s41598-024-64168-4,WOS:001245305300085,"Clean fire extinguishing systems applicable to the pottery jar liquor warehouse are in demand. In this study, taking 53vol% liquor as the research subject, fire models of various clean fire extinguishing systems comprising water mist, liquid carbon dioxide (LCO2) and liquid nitrogen (LN2) were established using a fire dynamic simulator to determine their fire extinguishing effect. A feasibility assessment of systems was performed under different fire source types, fire source sizes, and ventilation conditions. The fire extinguishing efficiency was analyzed in terms of the fire extinguishing ti",random_sample_395
"Guaranteed Incentives and Prize Drawings: Effects on Participation, Data Quality, and Costs in a Web Survey of College Students on Sensitive Topics",2024,"Dykema, J; Stevenson, J; Jones, CP; Day, B",SOCIAL SCIENCE COMPUTER REVIEW,10.1177/08944393231189853,WOS:001032090200001,"Many studies rely on traditional web survey methods in which all contacts with sample members are through email and the questionnaire is administered exclusively online. Because it is difficult to effectively administer prepaid incentives via email, researchers frequently employ lotteries or prize draws as incentives even though their influence on survey participation is small. The current study examines whether a prize draw is more effective if it is divided into a few larger amounts versus several smaller amounts and compares prize draws to a small but guaranteed postpaid incentive. Data are",random_sample_395
The Impact of Survey Mode Design and Questionnaire Length on Measurement Quality,2024,"Cernat, A; Sakshaug, J; Christmann, P; Gummer, T",SOCIOLOGICAL METHODS & RESEARCH,10.1177/00491241221140139,WOS:000893952200001,"Mixed-mode surveys are popular as they can save costs and maintain (or improve) response rates relative to single-mode surveys. Nevertheless, it is not yet clear how design decisions like survey mode or questionnaire length impact measurement quality. In this study, we compare measurement quality in an experiment of three distinct survey designs implemented in the German sample of the European Values Study: a single-mode face-to-face design, a mixed-mode mail/web design, and a shorter (matrix) questionnaire in the mixed-mode design. We compare measurement quality in different ways, including d",random_sample_395
Evaluating the Effect of Monetary Incentives on Web Survey Response Rates in the UK Millennium Cohort Study,2024,"Booth, C; Wong, ERC; Brown, M; Fitzsimons, E",SURVEY RESEARCH METHODS,10.18148/srm/2024.v18i1.8210,WOS:001208254100004,"A major objective for longitudinal studies is retaining participants over time. The Millennium Cohort Study (MCS) is the largest on-going nationally representative birth cohort study of young people in the UK. Seven waves of data collection took place face -to -face between 2001 and 2019, with no monetary incentives offered. Throughout 2020 to 2021, participants were invited to take part in three web surveys focused on understanding the effects of the COVID-19 pandemic. In the third web survey, conditional monetary incentives were introduced in the form of a randomised experiment (N = 13,351).",random_sample_395
Using the Theory of Planned Behavior for Explaining Mobile Phone Recycling: The Role of Subjective Norms,2024,"Botetzagias, I; Grigoraki, E; Kokkoris, GD",SUSTAINABILITY,10.3390/su16208773,WOS:001341603600001,"This study examines the extent to which standard Theory of Planned Behavior (TPB) predictors (Attitude; Subjective Norms; and Perceived Behavioral Control) explain the intention to recycle an end-of-use mobile phone. Our data originate from empirical research on Greek citizens conducted in the summer of 2022 (N = 258). Through ordinal regression modeling, we found that all the TPB predictors positively influence one's intention to recycle. In contrast to most previous studies, we found that Subjective Norms is the most influential predictor. However, its influence is dependent on the type of n",random_sample_395
Investigating the Enduring Determinants of Workers' Decision to Stay or Emigrate: An Extended Application of the Theory of Planned Behavior,2024,"Saflor, CS; Marinas, KA; Enano, W",SUSTAINABILITY,10.3390/su16219220,WOS:001352055500001,"Employee retention is intricate in a competitive market, and yet it is critical for long-term competitive advantage, organizational performance, and longevity. Low employee retention causes several challenges, including increased training and recruitment costs, insufficiently skilled staff, and disruption to organizational operations. This study utilizes the Theory of Planned Behavior (TPB) and Structural Equation Modeling (SEM) to examine the factors influencing employees' intention to remain with companies in the Philippines or leave the country. Data were collected through a questionnaire c",random_sample_395
Determining the Scale to Ensure Locality and a Sense of Belonging in the Housing Redevelopment Process: Bursa Hurriyet Neighborhood Field Study,2024,"Ersoy, S; Tas, N; Tas, M",SUSTAINABILITY,10.3390/su16010010,WOS:001140521200001,"Regarding housing redevelopment in Turkiye, the unplanned scale increase is one of the most critical problems facing the cities that have grown due to immigration. One of the most critical problems in housing redevelopment is the inability to ensure locality and retain the current inhabitants. Due to the fact that the issues of locality and ensuring a sense of belonging are ignored in most cases, the housing units usually lack local architectural identity, resemble each other, and do not meet socio-cultural needs. The purpose of this study is to identify locally specific, value-driven results ",random_sample_395
Do Biospheric Values Moderate the Impact of Information Appeals on Pro-Environmental Behavioral Intentions?,2024,"Anicker, N; Bamberg, S; Pütz, P; Bohner, G",SUSTAINABILITY,10.3390/su16072915,WOS:001200853500001,"Information-based interventions are still the most commonly used intervention approach to motivate people to engage in pro-environmental behaviors. However, recently, researchers assume that the effectiveness of such information depends on the extent to which recipients endorse biospheric values (the so-called 'values-as-moderator' hypothesis). If this hypothesis is correct, it would have important implications for the use of information appeals: they could not motivate the entire population, but only those population groups with high biospheric values. Two experimental studies using case vign",random_sample_395
The Attitudes of Xizang Residents Toward Tourism Development Based on Structural Equation Modeling,2024,"Teng, JZ; Li, JH; Yuan, L; Zhao, JM; Wang, XY",SUSTAINABILITY,10.3390/su162410953,WOS:001386884300001,"With the rapid development of tourism, it has not only injected new vitality into Tibet's economy but also had a profound impact on the lifestyle, cultural heritage, and social environment of its residents. While the prosperity of tourism brings economic opportunities, it also poses challenges to Tibet's unique culture and ecological environment. In this research, we focus on Lhasa and Nyingchi as the study areas, analyzing the impact of tourism development on the economy, social culture, and environment from the perspective of the local residents' perception and the residents' willingness to ",random_sample_395
A new scale to assist in evaluating architectural proposals on the natural dimension based on psychometrics,2024,"Zhao, DM; Chen, L; Liu, YJ; Liu, C; Gao, WJ; Miao, S",SUSTAINABLE CITIES AND SOCIETY,10.1016/j.scs.2023.105037,WOS:001111646700001,"Scientific and accurate evaluation of architecture is efficient for design optimization and resource conservation of sustainable cities. Complicated and multidisciplinary contents and architecture proposals are difficult to judge with validity and objectivity by current evaluation methods. A scale is a concentrated application of psychometrics that can collect expert knowledge objectively, scientifically, and comprehensively. This paper proposes the development of an architecture design evaluation scale on the natural dimension with the application of a web-based interface system. The evaluati",random_sample_395
Intention-to-use low-carbon travel modes - An investigation integrating Maslow's hierarchy of (driving) needs and the theory of planned behavior,2024,"Fu, XM",SUSTAINABLE CITIES AND SOCIETY,10.1016/j.scs.2024.105187,WOS:001166490700001,"The increasingly serious traffic congestion and damages on environment due to excess driving have brought considerable negative influences on the sustainable development of cities and urban residents' well-being. The promotion of low-carbon travel modes is now necessarily required due to the environmentally-friendly and highcapacity features. This study attempts to investigate the mechanism underlying intention-to-use low-carbon travel modes based on an integration of Maslow's hierarchy of (driving) needs and the theory of planned behavior. A four-step analysis method, i.e., Exploratory factor",random_sample_395
Nature in urban green spaces: Main attractor or nice background? Drivers and dynamics of cultural ecosystem services provision,2024,"Kulczyk, S; Grzyb, T; Wozniak, E; Derek, M",URBAN FORESTRY & URBAN GREENING,10.1016/j.ufug.2024.128328,WOS:001236565200001,"Urban parks and forests are important providers of cultural ecosystem services (CES) for the majority of the global population. Data from diverse sources are needed to reflect both ecological and social aspects of CES delivery in these areas. Understanding and disentangling this complex relationship is crucial to managing urban green spaces (UGS) in a way that maximizes users ' cultural benefits, and does not threaten the ecosystem and its functions. This paper provides a multidimensional analysis of CES delivery in parks and forests located along the urban -peri-urban axis in Warsaw, Poland. ",random_sample_395
Artificial Intelligence and content analysis: the large language models (LLMs) and the automatized categorization,2025,"Carius, AC; Teixeira, AJ",AI & SOCIETY,10.1007/s00146-024-01988-y,WOS:001246799900001,"The growing advancement of Artificial Intelligence models based on deep learning and the consequent popularization of large language models (LLMs), such as ChatGPT, place the academic community facing unprecedented dilemmas, in addition to corroborating questions involving research activities and human beings. In this work, Content Analysis was chosen as the object of study, an important technique for analyzing qualitative data and frequently used among Brazilian researchers. The objective of this work was to compare the process of categorization by themes carried out by human researchers on m",random_sample_395
"Digital ""We"": Human Sociality and Culture in the Era of Social Media and Artificial Intelligence",2025,"Riva, G",AMERICAN PSYCHOLOGIST,10.1037/amp0001577,WOS:001645338400001,"Human social cognition has evolved in the ""we mode,"" a uniquely human capacity to form shared intentions and collaborate as unified agents. This collective intentionality, rooted in embodied mechanisms such as synchronized behavior, joint attention, interbrain coupling, and emotional attunement, has enabled the open-ended creativity and adaptability that define human culture. However, the rise of social media and artificial intelligence is reshaping these foundational dynamics. This article identifies a dual threat posed by the emergence of a ""digital we."" First, algorithmically mediated digit",random_sample_395
Evaluation of Cultural Ecosystem Services in the Urban Parks of Macau from a Cultural Heritage Perspective,2025,"Liu, KH; Wang, PH; Liu, J",APPLIED SCIENCES-BASEL,10.3390/app15073946,WOS:001464837000001,"Cultural ecosystem services (CES) provided by 12 major urban parks on the Macau Peninsula were quantitatively evaluated using social media data. Furthermore, the potential implications of these findings for cultural heritage preservation and landscape design optimization were investigated. A CES evaluation framework consisting of six dimensions was established. User-generated content (UGC) was then collected using web-crawling techniques. A sentiment analysis based on natural language processing (NLP) and a spatial clustering analysis were subsequently performed on the collected data. Signific",random_sample_395
Evaluating the Performance Impact of Data Sovereignty Features on Data Spaces,2025,"Galij, S; Pawlak, G; Grzyb, S",APPLIED SCIENCES-BASEL,10.3390/app15179841,WOS:001569540500001,"Data Spaces appear to offer a solution to data sovereignty concerns in public cloud environments, which are managed by third parties and must therefore be considered potentially untrusted. The IDS Connector, a key component of Data Space architecture, acts as a secure gateway, enforcing data sovereignty by controlling data usage and ensuring that data processing occurs within a trusted and verifiable environment. This study compares the performance of cloud-native data sharing services offered by major cloud providers-Amazon, Microsoft, and Google-with Data Spaces services delivered via two co",random_sample_395
Mobile Reading Attention of College Students in Different Reading Environments: An Eye-Tracking Study,2025,"Xu, SW; Xu, MY; Kang, QY; Yuan, XQ",BEHAVIORAL SCIENCES,10.3390/bs15070953,WOS:001556765800001,"With the widespread adoption of mobile reading across diverse scenarios, understanding environmental impacts on attention has become crucial for reading performance optimization. Building upon this premise, the study examined the impacts of different reading environments on attention during mobile reading, utilizing a mixed-methods approach that combined eye-tracking experiments with semi-structured interviews. Thirty-two college students participated in the study. Quantitative attention metrics, including total fixation duration and fixation count, were collected through eye-tracking, while q",random_sample_395
Farmers' climate change perceptions in central Colombia: A propensity score matching approach using protection motivation theory and psychological distance,2025,"Cano, A; Castro-Campos, B",CLIMATE RISK MANAGEMENT,10.1016/j.crm.2025.100720,WOS:001512537000001,"This study investigates how farmers' experiences with extreme weather events, specifically landslides and droughts, shape their perceptions of climate change in central Colombia, and their implications for climate risk management. Using Protection Motivation Theory and psychological distance as frameworks, we surveyed 360 farmers in 2022-2023 to assess their perceptions of climate change severity, vulnerability, and proximity. To control for confounding factors, we employed propensity score matching, comparing farmers in villages affected by landslides and droughts with those in unaffected vil",random_sample_395
Geographically weighted regression model-calibration for finite population parameter estimation under two stage sampling design,2025,"Saha, B; Biswas, A; Ahmad, T; Sahoo, PM; Aditya, K; Paul, NC",COMMUNICATIONS IN STATISTICS-SIMULATION AND COMPUTATION,10.1080/03610918.2024.2369800,WOS:001265580200001,"In many agricultural, forestry, environmental, and ecological surveys, data are often spatial in nature and exhibit spatial nonstationarity. A well-known method for addressing spatial nonstationarity and capturing the spatially varying relationships between different variables is Geographic Weighted Regression (GWR). The calibration approach is one of the most widely used techniques in sample surveys for incorporating the known population characteristics of auxiliary variables by changing the original sampling design weights. The model-calibration approach is an improvement on the conventional",random_sample_395
Fractional imputation algorithm in functional-coefficient structural equation model,2025,"Cheng, H",COMMUNICATIONS IN STATISTICS-SIMULATION AND COMPUTATION,10.1080/03610918.2025.2568605,WOS:001598472000001,"In the article, a dynamic structural equation model (SEM) is defined as one kind of SEM with functional loading and path coefficients, which can be simultaneously captured at different quantiles. Some observed variables are missing due to different reasons in various applications. The article proposes fractional imputation (FI) estimators for loading and path parameters estimations in functional-coefficient SEM when some observed variables are missing at random. The FI estimation procedure fully utilizes the entire observed dataset. The FI estimator is investigated through simulation studies a",random_sample_395
"A manifesto for a globally diverse, equitable, and inclusive open science",2025,"Ghai, S; Theriault, R; Forscher, P; Shoda, Y; Syed, M; Puthillam, A; Peng, HC; Basnight-Brown, D; Majid, A; Azevedo, F; Singh, L",COMMUNICATIONS PSYCHOLOGY,10.1038/s44271-024-00179-1,WOS:001578536300002,"The field of psychology has rapidly transformed its open science practices in recent years. Yet there has been limited progress in integrating principles of diversity, equity and inclusion. In this Perspective, we raise the spectre of Questionable Generalisability Practices and the issue of MASKing (Making Assumptions based on Skewed Knowledge), calling for more responsible practices in generalising study findings and co-authorship to promote global equity in knowledge production. To drive change, researchers must target all four key components of the research process: design, reporting, gener",random_sample_395
Enhancing textile heritage engagement through generative AI-based virtual assistants in virtual reality museums,2025,"Ariya, P; Khanchai, S; Intawong, K; Puritat, K",COMPUTERS & EDUCATION: X REALITY,10.1016/j.cexr.2025.100112,WOS:001636401100011,"This study investigates how generative AI-based virtual assistants embedded within immersive virtual reality (VR) environments can enhance user engagement and cultural learning in virtual museums. Situated at the Wieng Yong House Museum in Thailand, the research addresses the challenge of preserving and promoting textile heritage in the digital age. The study aims to design, implement, and evaluate an AI-driven virtual docent capable of delivering personalized, multilingual, and real-time cultural information through interactive voicebased engagement. Using a purposive sampling technique, 25 u",random_sample_395
Large language models and digital multimodal composition in the first-year composition classrooms: An encroachment and/or enhancement dilemma,2025,"Pandey, HL; Bhusal, PC; Niraula, S",COMPUTERS AND COMPOSITION,10.1016/j.compcom.2024.102892,WOS:001533708500015,"This study examines the perspectives of twenty-five First-Year Composition (FYC) instructors on the impact of Large Language Models (LLMs) and Digital Multimodal Composition (DMC) in FYC classrooms. The primary objectives are to assess instructors' views on the effects of LLMs like ChatGPT on FYC pedagogy and to explore how DMC can be brought into conversation within these impacts. Employing qualitative surveys with open-ended questions, the study collected, coded, and thematized the data, generating three major key themes: creativity, plagiarism, and DMC engagement. The FYC instructors' persp",random_sample_395
Does protection motivation predict self-protective online behaviour? Comparing self-reported and actual online behaviour using a population-based survey experiment,2025,"van 't Hoff-de Goede, MS; Leukfeldt, ER; van de Weijer, SGA; van der Kleij, R",COMPUTERS IN HUMAN BEHAVIOR REPORTS,10.1016/j.chbr.2025.100649,WOS:001460309300001,"Protection Motivation Theory (PMT) proposes that protection motivation is positively related to self-protective online behaviour. This notion has been supported by empirical studies, but these have so far almost exclusively used self-reported data on behaviour. However, how people say they behave online does not always correspond with how they actually behave online. The current study explores the relationship between PMT factors and actual online behaviour compared to self-reported online behaviour, using unique data from a population-based survey experiment (N = 2419). Results indicate that ",random_sample_395
The generations of cultural ecosystem services research,2025,"Gould, RK; Satterfield, T; Leong, K; Fisk, J",CONSERVATION BIOLOGY,10.1111/cobi.70065,WOS:001508302500001,"Understanding the cultural dimensions of human-nature relationships and integrating them into decision-making is a central goal of conservation social science. One prominent avenue for this work is the characterization and analysis of cultural ecosystem services (CES) (i.e., nonmaterial aspects of the benefits derived from human-nature relationships). The Millennium Ecosystem Assessment introduced the term CES in 2005, and the ensuing decades have seen a blossoming of work on this topic-including extensive critique and the development of multiple closely related concepts. Because the need to r",random_sample_395
"Rethinking success in policing: a moderation model of specialism's interaction with self-reported competence, specialism endorsement, wellbeing and organisational support",2025,"Barbin, A; Manning, M; Davies, K; Horvath, MAH",CURRENT PSYCHOLOGY,10.1007/s12144-025-08318-5,WOS:001563171800001,"This study explored specialism within policing in England and Wales, aiming to identify how personal, social, and contextual factors influence the implementation and perception of specialist roles and units. Through an online survey designed to capture current, former, and retired officers' views on their competence, job satisfaction, and organisational support, the study sought to quantitatively assess whether 209 officers perceived specialism as beneficial for policing. Qualitative insights on survey responses were also captured. Previous research showed that, while specialism is widely adop",random_sample_395
Adapting the Highly Sensitive Child Scale-21 item: a psychometric evaluation in a mainland China sample,2025,"Ling, Y; Zhou, WJ; Pluess, M; Weyn, S; Huebner, ES; Zhong, MT",CURRENT PSYCHOLOGY,10.1007/s12144-024-07271-z,WOS:001437435200001,"Sensory processing sensitivity (SPS) pertains to individual differences in responsiveness to environmental stimuli. The Highly Sensitive Child Scale-21 item (HSC-21) is a reliable and validated self-report measure to assess sensory processing sensitivity for children and adolescents. This study aimed to evaluate the psychometric properties of the Chinese version of the HSC-21 in a mainland China. The sample comprised 1372 middle school students (48% males,52% females) from mainland China, with a mean age of 13.39 years (SD = 3.38). Exploratory factor analysis revealed a five-factor solution am",random_sample_395
An application of the theory of planned behavior to women's feminist and protective action in Türkiye,2025,"Sahin, MN; Rumeli, Y; Sakalli, N",CURRENT PSYCHOLOGY,10.1007/s12144-025-08179-y,WOS:001531098200001,"Despite progress, gender-based inequalities persist worldwide. Collective action is essential in challenging these inequalities, yet not all women engage. This study applies the theory of planned behavior to examine factors predicting women's intention and actual engagement in two forms of collective action: feminist action, which seeks to change the unequal gender hierarchy (e.g., participating in protests), and protective action, which shields women from its consequences (e.g., assisting women in attending self-defense classes). A total of 669 women from T & uuml;rkiye (M = 22.94, SD = 5.70)",random_sample_395
"Mangroves and economic development in Tobago: Incorporating payment horizons, choice certainty and ex-post interviews in discrete choice experiments",2025,"Howai, N; Balcombe, K; Robinson, EJZ",ECOLOGICAL ECONOMICS,10.1016/j.ecolecon.2025.108693,WOS:001503550400001,"Governments have long faced potential trade-offs between economic development and protecting nature. This is particularly true for tropical and sub-tropical islands where most mangroves are found. Motivated by Trinidad and Tobago's central government's prior hotel development plans, we employ a discrete choice experiment (DCE) to investigate residents' preferences for mangrove ecosystem services (ES) in the Bon Accord Lagoon and Buccoo Bay, Tobago. Preferences were investigated in the context of a trade-off between conserving mangroves and promoting economic development through a hypothetical ",random_sample_395
Engaging high-income earners in climate action: Policy insights from survey experiments,2025,"Mundaca, L; Wamsler, C",ECOLOGICAL ECONOMICS,10.1016/j.ecolecon.2024.108387,WOS:001329503700001,"The lifestyle and consumption patterns of the wealthy exceed our planet's ecological limits. Surprisingly, little experimental research explores the effectiveness of choice architecture interventions targeting the lifestyles and consumption behaviours of the affluent. Addressing this gap, our study investigates the extent to which the top income decile in Sweden can be motivated to take climate action. Three randomised survey experiments (N = 1600) were conducted, involving: 1) an injunctive social norm; 2) anticipated guilt and pride priming; and 3) the framing effects of communicating a Pigo",random_sample_395
Cultural ecosystem services and opportunities for inclusive and effective nature-based solutions,2025,"Panaro, S; Delabre, I; Marshall, F",ECOLOGICAL ECONOMICS,10.1016/j.ecolecon.2025.108525,WOS:001422854300001,"The concept of Cultural Ecosystem Services (CES) is increasingly applied to sustainable land use change research, policy and planning. Despite an evolving understanding of CES in the research community, policy and planning have not kept up with deeper and more progressive framings of CES. This disjuncture risks the underappreciation of diverse, intrinsic, plural and relational perspectives of CES in emerging policies, such as those related to Nature-based Solutions (NbS) driven by net-zero targets, which in turn hinders the capacity of NbS to deliver their multiple intended benefits. In this a",random_sample_395
Optimizing marine debris monitoring: balancing statistical power and test size in survey design,2025,"Starcevich, LA; Burgess, HK; Uhrin, AV",ECOLOGICAL INDICATORS,10.1016/j.ecolind.2025.113807,WOS:001524924600001,"Conducting a power analysis is a best practice for designing long-term environmental monitoring programs so that trade-offs in survey design elements such as sample size and temporal revisits can be evaluated. However, these analyses are sensitive to a priori decisions about the underlying distribution of the data, appropriate model structure, and choice of trend test. Improper trend model specification and inappropriate trend tests can affect power estimates, leading to misguided choices of survey design elements, trend tests with inflated test size (i.e., increased probability of detecting a",random_sample_395
Evaluating effects of data quality and variable weighting on habitat suitability modelling,2025,"Arsenault, S; Linner, R; Chen, Y",ECOLOGICAL INFORMATICS,10.1016/j.ecoinf.2025.103086,WOS:001432103800001,"Habitat modelling is important in the conservation and management of fishes and can be sensitive to data inputs and model configuration. Survey data used in Habitat Suitability Index (HSI) models may undergo changing sampling protocols over time, and these inconsistencies may impact results. Additionally, the various habitat variables included in HSI models are typically given equal weights, even though some variables may have greater influence over distribution than others. The Long River Survey, part of the Hudson River Biological Monitoring Program, in the Hudson River Estuary (HRE), has un",random_sample_395
Data quality issues in data used in species distribution models: A systematic literature review,2025,"Barbosa, WL; Alves-Souza, SN",ECOLOGICAL INFORMATICS,10.1016/j.ecoinf.2025.103378,WOS:001582011700001,"Species distribution models (SDM) are important tools for decision-making in several application areas, being essential for managing biodiversity resources in the world. The ability of these models to represent the reality is strongly dependent on the fitness of the data from which they are generated. Although scientific literature recognizes the occurrence of several data quality (DQ) problems, little work has focused on conducting a comprehensive survey to identify and quantify these challenges. Thus, this paper conducts a systematic review of the literature to examine the DQ problems observ",random_sample_395
Dracula's Menagerie Reloaded: Assessing the Relative Roles of Habitat and Interspecific Interactions in an Intact Mammalian Assemblage Using Structural Equation Modeling,2025,"Dyck, MA; Iosif, R; Promberger-Fürpass, B; Popescu, VD",ECOLOGY AND EVOLUTION,10.1002/ece3.71381,WOS:001475900800001,"Interspecific interactions play a central role in structuring animal communities and food webs. In particular, carnivores are important topdown regulators in ecological communities and the loss of carnivore species can have devastating ecosystem effects. Similarly, carnivore reintroductions are successful if the prey base is sufficient to support population growth, making the case for the importance of bottom-up regulation processes. As such, rewilding efforts targeted at restoring food webs and natural community regulation processes (trophic rewilding) have become increasingly popular. Howeve",random_sample_395
A comprehensive framework for automated identification of cultural ecosystem services,2025,"Kovárník, R; Janová, J; Hampel, D",ECOSYSTEM SERVICES,10.1016/j.ecoser.2025.101770,WOS:001566905200001,"Cultural ecosystem services (CES) represent intangible values, making them inherently challenging to analyze. In this study, we present a framework that combines web scraping, text mining, and statistical analysis to gain deeper insights into how people perceive valuable ecosystems and the benefits they derive from them. A total of 4,760 public reviews were collected from the Google Maps platform using dynamic web scraping techniques. Machine learning-based topic modelling was then applied to identify key themes related to CES in selected national parks and protected areas across the Czech Rep",random_sample_395
Offshore cultural ecosystem services: evidence from open-sea research,2025,"Cahillane, A; Forster, J; Kolbuk, D; Brannigan, J",ECOSYSTEM SERVICES,10.1016/j.ecoser.2025.101783,WOS:001599080500001,"Offshore marine environments tend to be characterised as uninhabited resource pools, and therefore, compared to terrestrial and coastal environments, have received little attention as sources of cultural ecosystem benefits. Ecosystem valuations of offshore marine areas have largely been based on the monetary values of provisioning and regulating services, and have not taken full account of intangible and non-monetary values. Effective management of marine areas depends upon a comprehensive assessment of the wide range of ecosystem benefits to society, including such cultural benefits as sense ",random_sample_395
Combination of participatory mapping and Maxent model to visualize the cultural ecosystem services at county scale,2025,"Shi, QQ; Chen, H; Liang, XY; Liu, D; Geng, TW; Zhang, H",ECOSYSTEM SERVICES,10.1016/j.ecoser.2025.101710,WOS:001433796800001,"Cultural ecosystem services (CESs) evaluation is the key to comprehensively understand and evaluate ecosystem services. Spatial mapping of CESs can provide visual information for ecosystem management. The combination of participatory mapping and Maxent model helps to extend place-based spatial assessment of CESs to the regional scale. In this study, representative samples were obtained through participation mapping method, and the Maxent model was used to realize the spatial mapping of six types of CESs in Mizhi County based on environmental variables, and the influence of environmental variab",random_sample_395
A mixed method evaluation of ecosystem services and services-to-ecosystems illuminates culturally important trees in a settled landscape,2025,"Hamilton, J; Humphries, MM; Bennett, EM",ECOSYSTEMS AND PEOPLE,10.1080/26395916.2025.2455441,WOS:001409601800001,"Biodiversity loss can lead to losses in ecological functions, ecosystem services, and cultural values. Yet, literature that empirically relates species' ecological and cultural importance is scarce. We investigate tree species' cultural importance in a settled landscape in Canada by combining biophysical plot sampling (n = 122) and semi-structured interviews (n = 31). We examined relationships between cultural importance, ecosystem services (benefits from trees), services-to-ecosystems (actions toward trees), and the abundance, mortality, and modification of trees. We found that tree abundance",random_sample_395
The role of private landowners for generating cultural ecosystem services in Mediterranean rural landscapes: a case study in Andalusia (Spain),2025,"Rescia, AJ; Sousa, AAR; Sales, RG; Ososrio, MS; Aguilera, PA",ECOSYSTEMS AND PEOPLE,10.1080/26395916.2025.2451289,WOS:001414985700001,"More than 60% of the European population lives in areas considered rural. In many cases, this rural population has been consolidating cultural landscapes regarded as socio-ecological systems preserving traditional agrarian practices and biocultural diversity. These landscapes are threatened by land intensification and rural abandonment, thus decreasing the supply of cultural ecosystem services (CES). In this context, it is important to study the current and potential activities of landowners to generate CES. With this objective, a Spanish rural area was analysed, based on 55 surveys with lando",random_sample_395
Farmers' preferences for adopting organic rice farming in vietnam's Mekong river delta: insights from discrete choice experiments,2025,"Ho, HPC; Nguyen, TK; Trinh, CD",ENVIRONMENT DEVELOPMENT AND SUSTAINABILITY,10.1007/s10668-025-06605-6,WOS:001592871100001,"In Vietnam, as in many other Asian countries, the drive toward organic agriculture has intensified in response to mounting environmental pressures and the quest for sustainable production. However, a paradox persists: despite rising interest, the rate of conversion from conventional to organic farming remains modest because most farmers hesitate to adopt the new model. This study therefore examines the determinants of rice farmers' willingness to transition in the Mekong River Delta, one of the largest rice-producing deltas in Asia. Employing a discrete-choice experiment coupled with a conditi",random_sample_395
Place attachment and residential water conservation: Application of an extended Theory of Planned Behaviour in Australia's Northern Territory,2025,"Baah, C; Saleem, MA; Greenland, S; Tenakwah, ES; Chakrabarty, D",ENVIRONMENTAL DEVELOPMENT,10.1016/j.envdev.2025.101203,WOS:001444034100001,"Understanding the drivers of residential water conservation is crucial amid rising climate change, drought, and water shortage concerns. While the literature suggests that environmental psychology can help identify the factors influencing water-saving behaviour, the critical role of place attachment in water conservation decision-making remains underexplored. Previous research has primarily focused on identifying key determinants through statistical significance and correlations, yet there is still limited understanding of the extent to which these determinants are necessary conditions for ach",random_sample_395
Describing teachers' environmental identity as part of education for sustainable development,2025,"Felix, SM; Clayton, S",ENVIRONMENTAL EDUCATION RESEARCH,10.1080/13504622.2025.2482740,WOS:001454305500001,"Education for sustainable development has become a key aspect in educational settings with regard to achieving the Sustainable Development Goals. Teachers have a key role in educating the younger generations to achieve these goals, which are directly related to SDG4 (Quality Education). People who feel a strong sense of connection to nature tend to believe that the environment is important and take pro-environment positions. The purpose of the study was to investigate primary school teachers' engagement with education for sustainable development in Norway through their environmental identity. ",random_sample_395
Does religious difference have an impact on the diffusion of sustainable innovations? A mixed-methods analysis of ecovillages worldwide,2025,"Bruehwiler, N; Koehrsen, J; Malin, J; Roysen, R; Kos, L",ENVIRONMENTAL INNOVATION AND SOCIETAL TRANSITIONS,10.1016/j.eist.2025.101024,WOS:001521623200001,"Religion is seen as potential leverage for sustainability transitions by scholars and other actors. However, so far, little is known about how religion influences the diffusion of sustainable practices. Drawing from a global survey of 130 ecovillages, this mixed-methods study investigates the role of religious difference in the diffusion activities of ecovillages. We integrate survey results with findings from 24 semi-structured interviews. The results show that ecovillages employ selfsecularization strategies. Self-secularization strategies enable ecovillages to collaborate with other actors ",random_sample_395
Integrating the Value Belief Norm Theory and Theory of Planned Behavior to Predict the Climate Change Mitigation and Adaption Behaviors in Agriculture Production,2025,"Wani, MD; Dar, SN; Mohanty, PP",ENVIRONMENTAL MANAGEMENT,10.1007/s00267-025-02217-y,WOS:001520000400001,"Climate change poses a critical threat to global agriculture, particularly in climate-sensitive regions like the Kashmir Valley, India. Despite increasing attention to climate-related agricultural risks, limited research has examined how farmers' psychological and behavioral responses shape adaptation and mitigation efforts. Addressing this gap, the present study investigates how two prominent behavioral frameworks-the Theory of Planned Behavior (TPB) and Value-Belief-Norm (VBN) theory-explain the pro-environmental behaviors of rice farmers in response to climate change. Rather than identifyin",random_sample_395
Toward reproducible and interoperable environmental modeling: Integration of HydroShare with server-side methods for exposing large-extent spatial datasets to models,2025,"Choi, YD; Maghami, I; Goodall, JL; Band, L; Nassar, A; Lin, LRC; Saby, L; Li, ZY; Wang, SW; Calloway, C; Yi, H; Seul, M; Ames, DP; Tarboton, DG",ENVIRONMENTAL MODELLING & SOFTWARE,10.1016/j.envsoft.2024.106239,WOS:001342267700001,"Reproducible environmental modelling often relies on spatial datasets as inputs, typically manually subset for specific areas. Yet, models can benefit from a data distribution approach facilitated by online repositories, and automating processes to foster reproducibility. This study introduces a method leveraging diverse state-scale spatial datasets to create cohesive packages for GIS-based environmental modelling. These datasets were generated and shared via GeoServer and THREDDS Data Server connected to HydroShare, contrasting with conventional distribution methods. Using the Regional Hydro-",random_sample_395
Estimates of global surface water dynamics harnessing near real-time land cover observations and open science geospatial capabilities,2025,"Khare, A; Gupta, BC; Rajib, A; Vanderhoof, M; Wu, QS",ENVIRONMENTAL RESEARCH LETTERS,10.1088/1748-9326/ae137b,WOS:001632253100001,"Spatio-temporal changes to our world's surface water resources are escalating. Translating how these changes impact communities and ecosystems requires time-varying data of Global Surface Water Extents (GSWE). Traditionally, GSWE mapping has been limited to static estimates, with recent efforts focusing on annual averages, frequency and occurrence of long-term variations. Building upon these foundational capabilities, we harnessed remotely sensed Sentinel-2 based near real-time Dynamic World (DW) land cover products to produce the first-of-its-kind 10 m resolution GSWE dataset representing 201",random_sample_395
Sampling design methods for making improved lake management decisions,2025,"Koski, V; Eidsvik, J",ENVIRONMETRICS,10.1002/env.2842,WOS:001157901000001,"The ecological status of lakes is important for understanding an ecosystem's biodiversity as well as for service water quality and policies related to land use and agricultural run-off. If the status is weak, then decisions about management alternatives need to be made. We assess the value of information of lake monitoring in Finland, where lakes are abundant. With reasonable ecological values and restoration costs, the value of information analysis can be compared with the survey's costs. Data are worth gathering if the expected value from the data exceeds the costs. From existing data, we sp",random_sample_395
Private forest owner preferences for action- and result-based biodiversity restoration contracts - A discrete choice experiment in Denmark and Finland,2025,"üring, CM; Lundhede, TH",FOREST POLICY AND ECONOMICS,10.1016/j.forpol.2025.103609,WOS:001568186300001,"Payment for ecosystem services schemes aimed at private forest owners have recently garnered renewed interest as a policy tool to promote forest restoration efforts in the EU. Although schemes that pay for biodiversity results rather than management actions have not yet been applied in the European forest sector, the EU's new State aid regulations now explicitly allow for their implementation, as evidence from the agricultural sector suggests that they are potentially more cost-effective than their action-based counterparts. We conduct a discrete choice experiment to estimate Danish and Finnis",random_sample_395
Organizational culture and academic staff satisfaction in Somaliland higher education: evidence from structural equation modeling,2025,"Cumar, MA; Kidaneb, BZ; Golgac, DN; Dinsa, F",FRONTIERS IN EDUCATION,10.3389/feduc.2025.1635607,WOS:001574912200001,"Introduction: This study examines the influence of organizational culture (OC) on academic staff job satisfaction (JS) within higher education institutions (HEIs) in the unique post-conflict context of Somaliland. The research highlights the importance of aligning organizational culture with faculty needs to improve retention, motivation, and institutional effectiveness. Methods: Using data from 266 academic staff and guided by the Competing Values Framework (CVF), four culture types-Collaborate (Clan), Create (Adhocracy), Compete (Market), and Control (Hierarchy)-were assessed alongside three",random_sample_395
Assessing the impact of risk perception on fisheries performance: a structural equation modeling approach in coastal fisheries,2025,"Mohsin, M; Yin, HB; Mehak, A",FRONTIERS IN MARINE SCIENCE,10.3389/fmars.2025.1533220,WOS:001481260900001,"Risk perception is crucial for making effective fisheries management strategies. However, this role of risk perception needs to be addressed, particularly in developing countries. Published literature documents such a scenario in the case of Pakistan, which results in a decreased economic contribution to the fisheries sector. Despite its importance, the role of risk perception in managing the fisheries sector is absent in online scientific studies. The present study strives to address this research void by analyzing survey-based data collected through snowball sampling between May 2022 and Oct",random_sample_395
Do delayed responses introduce bias in ecological momentary assessment? Evidence from comparisons between self-reported and objective physical activity,2025,"Schneider, S; Toledo, MJ; Junghaenel, DU; Smyth, JM; Lee, PJ; Goldstein, S; Pomeroy, O; Stone, AA",FRONTIERS IN PSYCHOLOGY,10.3389/fpsyg.2024.1503411,WOS:001399259000001,Introduction Delayed responses are a common yet often overlooked aspect of participant compliance in ecological momentary assessment (EMA) research. This study investigated whether response delays introduce selection bias in the moments captured by EMA.Methods Participants (n = 339) self-reported their physical activity behaviors using EMA five times a day over 7 days while wearing a continuous physical activity monitor. The continuous activity monitor data provided an objective reference value to evaluate potential biases in delayed EMA self-reports.Results Results showed that participants we,random_sample_395
Extending the game immersion questionnaire to online users,2025,"Dombrovskis, V; Levina, J; Ruza, A",FRONTIERS IN PSYCHOLOGY,10.3389/fpsyg.2025.1473821,WOS:001429281800001,"Introduction The Game Immersion Questionnaire (GIQ) serves as a tool for evaluating immersion within the realm of online gaming. Immersion is a crucial psychological state experienced by users interacting with digital environments, influencing their engagement, engrossment, and total involvement. While the original GIQ was structured around seven first-order factors and three second-order factors, its applicability beyond gaming contexts remains unexplored. This study extends the GIQ to capture the immersion experiences of a more expansive cohort of online users beyond gamers.Methods The exten",random_sample_395
Effect of perceived autonomy supports on exercise persistence for adolescents: an integrated model based on basic psychological needs theory and the theory of planned behavior,2025,"Li, XN; Zhu, JY; Yu, HS; Lin, JB",FRONTIERS IN PSYCHOLOGY,10.3389/fpsyg.2025.1692940,WOS:001647729000001,"Introduction Although previous research has confirmed a positive association between perceived autonomy support and adolescents' exercise persistence, the psychological mechanisms underlying this relationship remain insufficiently explored. The study aims to investigate the relationship and mechanisms linking perceived autonomy support to exercise persistence in adolescents, based on the integrated framework of basic psychological needs (BPN) and the theory of planned behavior (TPB).Methods Using a simplified stratified random sampling method, 4,345 adolescents aged 10-20 years completed measu",random_sample_395
Applying mobile eye tracking to measure real-time engagement and enhance informal learning at environmental exhibits,2025,"Lohani, M; Zummo, L; Roberts, AG; Blodgett, GR",FRONTIERS IN PSYCHOLOGY,10.3389/fpsyg.2025.1607029,WOS:001645320400001,"Mobile eye-tracking is a valuable method that holds significant potential for understanding informal learning in applied environmental science settings, yet it remains underutilized. In this paper, we explore the benefits of adopting this technology to objectively assess engagement in real-time, which can inform the design and advancement of informal learning through environmental science exhibits. In addition, mobile eye-tracking offers technology to conduct state-of-the-art research in applied museum settings. Using a climate change exhibits as an example, we illustrate ways to leverage this",random_sample_395
Understanding public engagement in animal welfare in South Korea: a theory of planned behavior approach,2025,"Joo, S; Chun, MS; Park, H",FRONTIERS IN VETERINARY SCIENCE,10.3389/fvets.2025.1657203,WOS:001627578400001,"Introduction Human-animal relationships have changed significantly in recent decades, becoming increasingly diverse and ethically complex, thereby prompting increased societal concern for animal welfare. This study investigates public perceptions of animal welfare levels and related policies in South Korea, as well as the psychological and contextual determinants of pro-animal behavior as animal welfare engagement, employing the Theory of Planned Behavior (TPB) as its theoretical framework.Methods A nationally representative online survey was conducted with 2,000 South Korean adults. Measures ",random_sample_395
Psychometric Properties of the Job Crafting Questionnaire Among Slovak Employees Working in Flexible Work Arrangements,2025,"Urukovicová, N; Rosková, E",HUMAN BEHAVIOR AND EMERGING TECHNOLOGIES,10.1155/hbe2/6676044,WOS:001491741000001,"The restructuring of work through time and spatial flexibility has gained popularity in numerous organizations. This study aims to explore the psychometric properties of the Slovak version of the Job Crafting Questionnaire and establish its validity within a flexible work environment. A total of 309 adult workers from various economic sectors participated in the survey (with a mean age of 30.26 years, 60% female). Confirmatory factor analysis confirmed the three-factor structure (cognitive, task, and relational crafting) of the Job Crafting Questionnaire. Additionally, measurement invariance a",random_sample_395
Declining hunter and trapper mail survey response rates between 1976 and 2020 in illinois,2025,"Vaske, JJ; Miller, CA; Williams, BD; Walberg, E",HUMAN DIMENSIONS OF WILDLIFE,10.1080/10871209.2024.2354419,WOS:001222634600001,"We examined mail survey response rates between 1976 and 2020. All 129 studies analyzed: (a) were conducted by the Illinois Natural History Survey, (b) sampled the same population (Illinois hunters/trappers), (c) followed identical administration protocols, and (d) had the same structure. The unit of analysis was study year. Across all surveys, the average response rate was 67% (SD=.13) and ranged from a high of 86% (1982) to a low of 36% (2018). Among the waterfowl hunters, response rates ranged from 83% (1981) to 36% (2018). The comparable ranges for upland game hunters were 86% (1982) to 41%",random_sample_395
Assessing farmers' willingness to adopt conservation agricultural practices through an extended theory of planned behavior,2025,"Dey, S; Abbhishek, K; Saraswathibatla, S; Das, D",HUMANITIES & SOCIAL SCIENCES COMMUNICATIONS,10.1057/s41599-025-06173-0,WOS:001634316600004,"The influence of socio-psychological factors on farmers' intentions to adopt conservation agrarian practices (i.e., direct-seeded rice (DSR) and zero-tillage (ZT) maize) is rarely examined in developing countries. This research examines the direct and mediating relationships between various socio-psychological factors and farmers' intentions to adopt DSR and ZT-maize. An extended Theory of Planned Behaviour (TPB) is utilized and empirically assessed through cross-sectional data collected from 600 farmers in Andhra Pradesh. The research employs Structural Equation Modelling (SEM) to conduct the",random_sample_395
Spatial distribution of archeological sites in the Kingdom of Saudi Arabia and the application of the theory of planned behavior to predict pro-environmental behavioral intention among Saudi citizens,2025,"Alali, NSM; Ahmed, TAA; Shaker, ES",HUMANITIES & SOCIAL SCIENCES COMMUNICATIONS,10.1057/s41599-025-05309-6,WOS:001550560500005,"This paper aimed to investigate how awareness of negative consequences, subjective norms, attitudes, and perceived behavioral control dimensions influence pro-environmental behavioral intention to conserve four world heritage sites (Jeddah, Mada'in Saleh, Diriyah, and Jubbah) and to identify the spatial distribution of archeological sites in the Kingdom of Saudi Arabia. A self-administered questionnaire was used to collect data from a simple random sample of local residents in the four sites that was then subjected to multiple statistical analyses to test the hypotheses. Two thousand, three hu",random_sample_395
Evaluating beekeeping practices through structural equation modeling and artificial neural network analysis,2025,"Al Mamun, A; Hayat, N; Yang, Q; Masud, MM",HUMANITIES & SOCIAL SCIENCES COMMUNICATIONS,10.1057/s41599-025-06144-5,WOS:001690459000001,"This study examined the intention and behavior related to adopting beekeeping among low-income households using the theory of planned behavior. It employed a cross-sectional design, and quantitative data were collected via structured interviews with 420 low-income families residing in rural Peninsular Malaysia. The final analysis was performed using partial least squares structural equation modeling and artificial neural network analysis. The findings revealed a positive and significant effect of environmental concern and literacy on attitudes toward the environment, as well as skills and know",random_sample_395
Bridging entrepreneurial networks and academic entrepreneurial behavior: applying theory of planned behavior,2025,"Murad, M; Zhao, J; Rasheed, M; Shah, SHA; Johri, A; Ul Islam, M",INTERNATIONAL ENTREPRENEURSHIP AND MANAGEMENT JOURNAL,10.1007/s11365-025-01096-3,WOS:001456004500016,"This study examines how academic entrepreneurs can effectively navigate and leverage entrepreneurial networks to enhance their entrepreneurial behaviors. Using the Theory of Planned Behavior (TPB), the research investigates how attitude, subjective norms, and perceived behavioral control influence academic entrepreneurs' decision-making and actions. Data were collected through a two-stage survey of 420 scientists, and the Partial Least Squares-Structural Equation Modeling (PLS-SEM) method was employed to test the hypothesized relationships derived from the conceptual model. The results show th",random_sample_395
The effect of educational intervention based on the theory of planned behaviour on promotion of traffic-safe behaviours in students,2025,"Amirkhani, M; Inalu, FB; Arman, A; Zarghamian, M; Harsini, PA; Jeihooni, AK",INTERNATIONAL JOURNAL OF ADOLESCENCE AND YOUTH,10.1080/02673843.2025.2488465,WOS:001460474500001,"A quasi-experimental study was conducted in 2023-2024 on 200 fourth- and fifth-grade primary school kids in Fasa City, Iran. Data on demographics, theory of planned behaviour (TPB) components, and traffic patterns were collected. Both the experimental and control groups filled out the questionnaire before and 3 months following the intervention. The experimental group received eight 45-50-minute sessions, which included small group discussions, Q&A sessions, hands-on demonstrations, videos, PowerPoint presentations, and booklets. Before the intervention, there were no significant differences b",random_sample_395
Indigenous data sovereignty in intangible cultural heritage governance: A complementary approach to public-private partnerships,2025,"Spano, I; Zhang, YX",INTERNATIONAL JOURNAL OF CULTURAL PROPERTY,10.1017/S0940739125100064,WOS:001507711000001,"This article examines the challenges Indigenous communities face in safeguarding their intangible cultural heritage (ICH) in the digital age, using two case studies. Referring to the Te Hiku Media case, it analyzes the threat of data colonialism posed by corporate digitization projects. The article argues that existing legal frameworks provide limited protection for Indigenous ICH, prompting Indigenous communities to develop the innovative theory of Indigenous data sovereignty (ID-SOV). The Government of Nunavut-Microsoft partnership case highlights the benefits and drawbacks of public-private",random_sample_395
Factors Influencing University Students' Intention to Learn Artificial Intelligence: Insights from Expectancy-Value Theory and Protection Motivation Theory,2025,"Cheng, HH",INTERNATIONAL JOURNAL OF HUMAN-COMPUTER INTERACTION,10.1080/10447318.2025.2600532,WOS:001645474700001,"As artificial intelligence (AI) transforms the workforce, university students face emerging workplace AI threats. Anticipating these challenges may evoke anticipated regret, which motivate students to pursue AI education. Despite the importance of threat appraisal and anticipated regret, existing studies have largely overlooked their roles in influencing academic intentions. To address this gap, this study integrates threat appraisal derived from protection motivation theory and anticipated regret drawn from the literature on future-oriented emotions into expectancy-value theory to investigate",random_sample_395
Integrating Information Security Culture and Protection Motivation to Enhance Compliance with Information Security Policies in Banking: Evidence from PLS-SEM and fsQCA,2025,"Alrawhani, EM; Romli, AB; Al-Sharafi, MA; Alkawsi, G",INTERNATIONAL JOURNAL OF HUMAN-COMPUTER INTERACTION,10.1080/10447318.2025.2464900,WOS:001432837500001,"Information security culture (ISC) is critical for fostering employees' compliance with security policies, yet consensus on ISC criteria remains limited. This study proposes a comprehensive ISC model, analyzing its direct relationships with Protection Motivation Theory (PMT) factors and their collective impact on compliance intentions in Yemen's banking sector. Data from 210 bank employees, analyzed using PLS-SEM and fsQCA, demonstrate that ISC significantly influences perceived self-efficacy (PSE), response efficacy (PRE), response cost (PRC), vulnerability (PV), and severity (PSF). PSE, PRE,",random_sample_395
What drives sustainable procurement? Insights from the theory of planned behavior,2025,"Hinterhuber, A; Khan, O",INTERNATIONAL JOURNAL OF OPERATIONS & PRODUCTION MANAGEMENT,10.1108/IJOPM-02-2024-0164,WOS:001407971600001,"PurposeA fundamental research question is what leads some organizations, but not others, to be sustainable in their procurement operations. Extant theoretical frameworks, while valuable, do not fully reflect the nuances of decision-making in procurement operations. We aim to illuminate the role of individual attitudes, capabilities, and behavioral intentions in actualizing sustainable procurement.Design/methodology/approachWe develop a framework by adapting the theory of planned behavior (TPB) to the context of sustainable procurement. We test the framework with a sample of 465 procurement pro",random_sample_395
"Forest Ethnography: ""Behind the Scenes""",2025,"Nebasifu, AA; Nsaidzedze, SB; Akem, ES",INTERNATIONAL JOURNAL OF QUALITATIVE METHODS,10.1177/16094069251385436,WOS:001586821800001,"Ethnography has increasingly gained prestige in the forest arena, challenging various assumptions about people-nature relations. The importance of participant observation in navigating turbulent forest environments is often overlooked, as demonstrated in the lead author's dissertation, ""Knowledge Integration in Co-management,"" a 6-year study with the People of the Mount Cameroon National Park (MCNP) published in 2022. We argue that revisiting behind-the-scenes encounters during fieldwork is crucial for addressing criticism of ethnography's inadequacy in capturing the material and moral conditi",random_sample_395
Thematic Analysis and Artificial Intelligence: A Step-by-Step Process for Using ChatGPT in Thematic Analysis,2025,"Naeem, M; Smith, T; Thomas, L",INTERNATIONAL JOURNAL OF QUALITATIVE METHODS,10.1177/16094069251333886,WOS:001471488900001,"This study sets out how to use generative artificial intelligence (AI) in the six steps of systematic thematic analysis. It leverages AI to address the limitations of traditional thematic analysis. This paper developed prompts (inputs) for ChatGPT (a generative AI chatbot based on a large language model) that are based on many researchers' discussions and criticisms of qualitative data analysis. The contributions of this paper are twofold. First, it addresses a critical research gap by showcasing ChatGPT prompts for each step of the six steps of systematic thematic analysis, which also address",random_sample_395
Finns' self-selection into survey research as a function of researcher ethnicity: does signing the request letter with a foreign name (Russian or Arabic) attenuate response rates?,2025,"Radun, I; Radun, J; Lajunen, T; Olivier, J; Lönnqvist, JE",INTERNATIONAL JOURNAL OF SOCIAL RESEARCH METHODOLOGY,10.1080/13645579.2024.2439337,WOS:001375861000001,"In this study, we investigated whether ethnic discrimination may influence participation in a typical traffic survey. An identical five-page survey was sent to a representative sample of Finnish adults (N = 2100); however, the ethnicity (Arab, Finnish, or Russian) of the sender was different for each of the three subsamples (N = 700). The response rate for a Finnish sender was 30.47%, while the Russian and Arab senders' response rates were 26.68% and 25.75%, respectively (Wald chi 2 = 4.369, d.f. = 2, p = 0.113). Collating the last two, we found that a non-Finnish name received less responses ",random_sample_395
Using memes and emoji-scales in a web survey: experimental assessment of consequences for multimodal cognitive effort and data quality,2025,"Suleymanov, R; Lebedev, D",INTERNATIONAL JOURNAL OF SOCIAL RESEARCH METHODOLOGY,10.1080/13645579.2024.2359474,WOS:001235998400001,"Decreasing web survey participation rates lead to higher importance of ways to increase respondents' motivation to participate and gamification is seen as one of possible ways to do so. However, there is no clear understanding on how it affects respondents' cognitive load. This study investigates whether gamification reduces cognitive load among 18-25-year-old survey respondents. A laboratory experiment was conducted with 128 randomly assigned students to either a non-gamified or gamified web survey design. Gamification was implemented using emojis for ordinal scales and motivating memes betwe",random_sample_395
Improving the reliability of a nonprobability web survey: application to measuring gender pay gap,2025,"Huang, YX; Shlomo, N",INTERNATIONAL JOURNAL OF SOCIAL RESEARCH METHODOLOGY,10.1080/13645579.2024.2371238,WOS:001262788000001,"Nonprobability web surveys suffer from selection and coverage biases and are generally not representative of the target population. To carry out statistical modelling in a nonprobability web survey, we explore different methods of statistical adjustments to compensate for biases through the use of a probability-based reference sample. We also show that we need to account for these biases when imputing missing data. The methods for statistical adjustments include propensity score weighting with post-stratification and a technique called sample matching. For the substantive study, we use a nonpr",random_sample_395
Benefits of increasing the value of respondent incentives during the course of a longitudinal mixed-mode survey,2025,"Cabrera-alvarez, P; Lynn, P",INTERNATIONAL JOURNAL OF SOCIAL RESEARCH METHODOLOGY,10.1080/13645579.2024.2443630,WOS:001394772800001,"This paper explores the effects of increasing the value of survey incentives on response rates and fieldwork efforts using data from a large-scale randomised experiment embedded in wave 12 of a national probability-based longitudinal survey. We also investigate whether effects differ between previous-wave respondents, who were sent an unconditional incentive, and previous wave non-respondents, who were offered a conditional incentive. The treatment group received 20 pound incentives instead of the usual 10 pound received at previous waves and by the control group. The results show a positive e",random_sample_395
Voluntary carbon offsetting under the lens of the norm activation model: airline passenger perspectives,2025,"Wongyai, PH; Thepchalerm, T; Ngo, T",INTERNATIONAL JOURNAL OF SUSTAINABLE AVIATION,10.1504/IJSA.2025.150669,WOS:001643658200002,"This study adopted the norm activation model (NAM) to investigate the factors influencing air passengers' intentions to purchase the airline's voluntary carbon offsetting (VCO) products. This study explores the role of subjective norms, perceived consumer effectiveness, and serial mediation of the NAM's mechanism, which receives less attention in aviation studies. To do that, 410 airline passengers were surveyed, and structural equation modelling (SEM) was utilised to analyse the activation mechanism between various NAM factors. The findings supported all hypotheses initially posited by the NA",random_sample_395
Examining the Utility of an Extended Theory of Planned Behavior (TPB) on Academic Dishonesty among Undergraduates,2025,"Imran, AM; Hussien, S; Alaraimi, AS",JOURNAL OF ACADEMIC ETHICS,10.1007/s10805-024-09548-1,WOS:001280379100002,"This cross-sectional study investigated the efficacy of an extended theory of planned behavior in predicting academic dishonesty among students of higher education. The participants comprised 328 undergraduates drawn from Nigerian and Malaysian public universities. Existing measures were adapted and validated using Cronbach's alpha statistics and confirmatory factor analysis approach. The fit statistics of the extended model (chi 2/df = 2.08, CFI = .926, and RMSEA = .057) were adequate. Findings revealed that academic dishonesty, especially cheating, was common in the sampled population. The k",random_sample_395
Predictors and moderators of ESL classroom speaking anxiety: a structural equation modelling approach,2025,"Lau, KYL; Badiozaman, IFA; Leong, HJYK",JOURNAL OF APPLIED RESEARCH IN HIGHER EDUCATION,10.1108/JARHE-05-2025-0380,WOS:001600606700001,"PurposeThis study investigates the psychological and contextual determinants of speaking anxiety among Malaysian university students enrolled in English as a Second Language (ESL) courses. Specifically, it examines the roles of communication apprehension, test anxiety and fear of negative evaluation, and how these relationships are moderated by perceived social support - emotional, informational and instrumental.Design/methodology/approachA cross-sectional survey was administered to 323 undergraduate ESL learners at a public university in Sarawak, Malaysia. Data were analysed using structural ",random_sample_395
"Shaping Immigration Explicit and Implicit Attitudes With Framing: The Role of Self-Reported Political Orientation, RWA, and SDO",2025,"Valmori, A; Carraro, L; Castelli, L",JOURNAL OF APPLIED SOCIAL PSYCHOLOGY,10.1111/jasp.13091,WOS:001434605700001,"Immigration is a complex phenomenon that significantly involves most Western countries. Political parties often hold divergent views on immigration, which deeply influence their supporters and contribute to societal polarization. To address this divide, moral framing-a technique proven effective in other contexts, such as environmental issues-could offer a promising solution. However, there has been little research on how this approach is influenced by specific aspect of the political ideology, such as Right-Wing Authoritarianism (RWA) and Social Dominance Orientation (SDO), or its impact on i",random_sample_395
"Exploring residents' preferences for riparian restoration attributes in Lake Dambal watershed, Ethiopia: A choice experiment approach",2025,"Shore, W; Jaleta, M; Zeleke, F; Beyene, F",JOURNAL OF ENVIRONMENTAL MANAGEMENT,10.1016/j.jenvman.2025.125447,WOS:001482477600001,"This study aims to quantify residents' preferences and values for riparian ecosystem service attributes, with a particular focus on the aspects of water quality, landscape aesthetics, and native fish abundance using a choice experiment. In addition, compensating surplus welfare measures are estimated to assess the welfare impact of the change in aggregate ecosystem service attribute scenarios. Using survey data collected from 209 households, the multinomial logit model and the correlated and uncorrelated random parameter logit models were applied accounting for observable and unobserved factor",random_sample_395
Leveraging mixed methods in social-ecological systems: A plan for measuring community impacts of environmental clean-up,2025,"Klasic, MR; Williams, KC",JOURNAL OF ENVIRONMENTAL MANAGEMENT,10.1016/j.jenvman.2025.127122,WOS:001567935300004,"Traditionally, environmental research and practice treated human beings and ecosystems as two separate entities, focusing on the negative impacts humans cause to ecosystems. Social-ecological systems framing helps to address this long-standing dichotomy. Yet, the integration of social dimensions into social-ecological systems remains poorly defined and contested, requiring more theory development and practice. To fill this gap, we propose a mixed methods (i.e., quantitative and qualitative social science) approach to characterize community impacts from a specific intervention, namely remediati",random_sample_395
Identifying cultural ecosystem service flows and drivers in ecological functional zone,2025,"Li, L; Feng, RD; Hou, GL; Xi, JC",JOURNAL OF ENVIRONMENTAL MANAGEMENT,10.1016/j.jenvman.2025.126914,WOS:001583070600002,"Cultural ecosystem services, particularly recreation and ecotourism, play a crucial role in the socio-economic development of ecologically significant regions. However, current research on the spatial patterns of cultural ecosystem service flows (CESF) and the underlying driving mechanisms remains limited. This study quantified the spatial patterns of tourism-related CESF and its driving mechanisms by integrating spatial analysis, breaking point model, and Geodector in the ecological functional zone of the Taihang Mountains. Results showed that the CESF exhibits a spatial gradient from the foo",random_sample_395
"The various forms of anger about climate change in Australia and their relations with self-reported actions, intentions, and distress",2025,"Stanley, SK; Leviston, Z; Hogg, TL; Walker, I",JOURNAL OF ENVIRONMENTAL PSYCHOLOGY,10.1016/j.jenvp.2024.102490,WOS:001392616800001,"Action on societal issues is often precipitated by feelings of anger. This has been demonstrated reliably for responses to social inequality, but less for other issues. We build on nascent research documenting the links between climate anger, pro-environmental action, and psychological distress, by focusing on the contents of ecoanger. Using a sample of 5244 Australians, we found that 48.6% reported being at least 'somewhat' angry about climate change. Content analyses of the focus of this anger revealed diverse reasons for people's anger. The most common focus was others' inaction and apathy ",random_sample_395
The spatio-affective determinants of gender discrepancy in mobility experience: Influence of person-environment misfit and fear of crime on commuters' affective experience and behavioral intention to avoid mobility environments,2025,"Adamczak, R; Vieira, L; la Marle, CJ; Blaison, C",JOURNAL OF ENVIRONMENTAL PSYCHOLOGY,10.1016/j.jenvp.2025.102752,WOS:001586179400001,"The present research examines gender disparities in environmental perception, affect, and subsequent behavioral intentions within the Parisian train network. Drawing from gender studies and environmental psychology, we investigated psychological factors explaining mobility differences across genders. We introduce a novel approach by operationalizing person-environment (PE) misfit as the algebraic difference between the affective connotations of a person and their environment, and by assessing the influence of fear of crime. In line with spatial androcentrism literature, we hypothesized that st",random_sample_395
Invitation Letters Increase Response Rates in Elite Surveys: Evidence from Germany and the United Kingdom,2025,"Giger, N; Pereira, MM",JOURNAL OF EXPERIMENTAL POLITICAL SCIENCE,10.1017/xps.2025.10004,WOS:001505110600001,"A key challenge when surveying political elites is recruitment. Low response rates can lead to biased samples and underpowered designs, threatening the validity of descriptive and experimental scholarship. In a randomized control trial, we test the effects of sending postal invitations in a large survey of local elected officials. We find that German and UK local politicians are more likely to complete the survey if invited by postal mail, rather than simply by email. Recruitment mode does not impact the quality of responses but shapes the population of local officials recruited. Officials inv",random_sample_395
Bias Is Not Color Blind: Ignoring Gender and Race Leads to Suboptimal Selection Decisions-A Registered Report,2025,"Rabinovitch, H; Vu, L; Bereby-Meyer, Y; Shalvi, S",JOURNAL OF EXPERIMENTAL PSYCHOLOGY-GENERAL,10.1037/xge0001870,WOS:001633528100002,"Blindfolding-selecting candidates based on objective selection tests while avoiding personal information about their race and gender-is commonly used to mitigate bias in selection. Selection tests, however, often benefit people of a certain race or gender. In such cases, selecting the best candidates requires incorporating, rather than ignoring, the biasing factor. We examined people's preference for avoiding candidates' race and gender, even when fully aware that these factors bias the selection test. We put forward a novel prediction suggesting that paradoxically, due to their fear of appear",random_sample_395
The malleability of reliance on race or ethnic vs. gender stereotypes in implicit person perception in the presence of counterstereotypic individuating information: A registered report,2025,"Rubinstein, RS; Jussim, L",JOURNAL OF EXPERIMENTAL SOCIAL PSYCHOLOGY,10.1016/j.jesp.2025.104779,WOS:001513060900001,The proposed studies will test two competing hypotheses and one additional hypothesis. The first hypothesis is that reliance on ethnic or race stereotypes in implicit person perception is more malleable than reliance on gender stereotypes in implicit person perception in response to counterstereotypic individuating information. The competing hypothesis is that reliance on ethnic or race and gender stereotypes in implicit person perception are equally malleable in response to such information. An additional hypothesis is that reliance on weaker stereotypes in implicit person perception is more ,random_sample_395
EDUCATIONAL EVALUATION WITH LARGE LANGUAGE MODELS (LLMS): CHATGPT-4 IN RECALLING AND EVALUATING STUDENTS' WRITTEN RESPONSES,2025,"Jauhiainen, JS; Bernardo, A; Guerra, G",JOURNAL OF INFORMATION TECHNOLOGY EDUCATION-INNOVATIONS IN PRACTICE,10.28945/5433,WOS:001409194500002,"Aim/Purpose This article investigates the process of identifying and correcting hallucinations in ChatGPT-4's recall of student-written responses as well as its evaluation of these responses, and provision of feedback. Effective prompting is examined to enhance the pre-evaluation, evaluation, and post-evaluation stages. Background Advanced Large Language Models (LLMs), such as ChatGPT-4, have gained significant traction in educational contexts. However, as of early 2025, systematic empirical studies on their application for evaluating students' essays and open-ended written exam responses rema",random_sample_395
AI-Human Hybrids for Marketing Research: Leveraging Large Language Models (LLMs) as Collaborators,2025,"Arora, N; Chakraborty, I; Nishimura, Y",JOURNAL OF MARKETING,10.1177/00222429241276529,WOS:001392427000001,"The authors' central premise is that a human-LLM (large language model) hybrid approach leads to efficiency and effectiveness gains in the marketing research process. In qualitative research, they show that LLMs can assist in both data generation and analysis; LLMs effectively create sample characteristics, generate synthetic respondents, and conduct and moderate in-depth interviews. The AI-human hybrid generates information-rich, coherent data that surpasses human-only data in depth and insightfulness and matches human performance in data analysis tasks of generating themes and summaries. Evi",random_sample_395
Procedural ethics for social science research: Introducing the Research Ethics Governance dataset,2025,"Tapscott, R; Machón, DR",JOURNAL OF PEACE RESEARCH,10.1177/00223433241249352,WOS:001291711800001,"Conflict research is rife with ethical issues, and the field is increasingly reflecting on how to best address these. Recent debates in political science have mainly focused on ethics in practice, leaving questions of procedural ethics to the side. But procedural ethics are important: they are increasingly required across all areas of research, they are the bedrock of institutional approaches to regulating ethics, and they shape ideas about what constitutes ethical research practice. This article introduces the Research Ethics Governance dataset, the first globally comprehensive dataset of nat",random_sample_395
Stroke prevention education in African Americans: Lessons learned from a community based participatory feasibility study,2025,"Hadidi, NN; Taylor, Z; Gorzycki, E; Jones, C; Pasdo, A; Gurvich, OV; Everson-Rose, SA",JOURNAL OF PREVENTION & INTERVENTION IN THE COMMUNITY,10.1080/10852352.2024.2408506,WOS:001321389200001,"PurposeTo present information on the feasibility and acceptability of a Stroke Champion ""train-the-trainer"" program, including lessons learned, for dissemination of stroke prevention knowledge and resources among African Americans (AA) residing within the Minneapolis-St. Paul, MN metropolitan area.DesignOne arm pre-post-test design.MethodsTwelve AA ""Stroke Champions"" were recruited to assess the feasibility and acceptability of an online stroke prevention education curriculum and peer-to-peer education.ResultsWe successfully designed, developed, and implemented a stroke prevention education we",random_sample_395
Supply-Demand Assessment of Cultural Ecosystem Services in Urban Parks of Plateau River Valley City: A Case Study of Lhasa,2025,"Zhao, SH; Li, YQ; Nie, ZQ; Li, YY",LAND,10.3390/land14061301,WOS:001516761300001,"Cultural ecosystem services (CES) in urban parks, as a vital component of urban ecosystem services (ES), are increasingly recognized as an important tool for advancing urban sustainability and implementing nature-based solutions (NbS). The supply-demand relationship of CES in urban parks is strongly shaped by sociocultural and spatial geographic factors, playing a crucial role in optimizing urban landscape structures and enhancing residents' well-being. However, current research generally lacks adaptive evaluation frameworks and quantitative methods, particularly for cities with significant sp",random_sample_395
"Structural Equation Model in Landscape Performance Research: Dimensions, Methodologies, and Recommendations",2025,"Han, X; Li, Z; Chen, HN; Yu, MY; Shi, Y",LAND,10.3390/land14030646,WOS:001453192900001,"The scientific evaluation of landscape performance has become a critical focus in promoting landscape architecture and urban quality research. Structural equation modeling (SEM) is widely applied in digital assessments and performance studies, offering robust analytical capabilities. However, further progress requires a systematic review to synthesize past findings and identify emerging opportunities. This study reviews 245 articles that utilize SEM in landscape performance research, analyzing publication trends, research dimensions, methodologies, and data sources. The results indicate that S",random_sample_395
Analysis of Influencing Factors of Soil Erosion Changes Based on Structural Equation Model,2025,"Wang, ZW; Yang, XH; Cai, HY",LAND,10.3390/land14020304,WOS:001430984200001,"Soil erosion is a complex process influenced by both natural and human factors. Accurately assessing the temporal and spatial variations in soil erosion, along with thoroughly investigating the factors influencing these changes, is crucial for developing effective regional soil and water conservation strategies. Taking Jiangxi Province as the study area, this research employed the Chinese Soil Loss Equation model and structural equation modeling to evaluate the spatiotemporal variation in soil erosion and its influencing factors under the main land cover types from 2000 to 2020 (five-year inte",random_sample_395
Reproducible scale-up of high-selectivity 80-cm-long NaA zeolite membranes via green gel-less conversion method for dehydration of ethanol,2025,"Gui, T; Wu, XW; Li, YQ; Tan, JG; Wang, XY; Zhang, F; Chen, XS; Kita, H",MATERIALS & DESIGN,10.1016/j.matdes.2025.114524,WOS:001581236700002,"Green scale-up of zeolite membranes is of profound significance from environmental protection perspectives. In this work, 80-cm-long NaA zeolite membranes with high selectivity and reproducibility were successfully manufactured on coarse macroporous supports by green and simple gel-less conversion method. Compared with the traditional hydrothermal synthesis process, the amount of synthesis gel used to prepare 1 m2 NaA zeolite membrane by this method was sharply reduced from about 30 to 1.5 kg, achieving synthesis gel saving rate of over 95 %. The formation mechanism of NaA zeolite membrane usi",random_sample_395
Researching the Moment of Truth: An Experiment Comparing In-the-Moment and Conventional Web Surveys to Investigate Online Job Applications,2025,"Ochoa, C",METHODS DATA ANALYSES,10.12758/mda.2025.08,WOS:001551675400001,"Understanding how people seek and apply for jobs online is crucial for addressing social inequality, discrimination, and aiding companies in attracting suitable candidates. Conventional surveys struggle to capture the nuances of online job searches that, as many online events, are characterized by repetition, low distinctiveness, and limited emotional impact. These characteristics can lead to memory-related errors, becoming more likely as the time between the event and the survey increases. Passively collected data, such as metered data provided by online panel members who install tracking sof",random_sample_395
Effects of anthropogenic noise on marine mammal abundances informed by mixed methods,2025,"O'Connor, RJ; Ardoin, NM; De Leo, GA",NPJ OCEAN SUSTAINABILITY,10.1038/s44183-025-00113-w,WOS:001578483300001,"This mixed-methods study examined the decline of a Harbor Seal (Phoca vitulina) colony's abundance in Pacific Grove, California, USA, documented by community scientists. We combined generalized additive modeling (GAM) of abundance trends from 2003 to 2023 with qualitative analysis of Local Ecological Knowledge (LEK) obtained through interviews. LEK identified various anthropogenic disturbances that may have contributed to the colony's decline. Statistical analysis revealed that, in 2022 and 2023, Harbor Seal abundance was 29.81% lower than expected, given the availability of prey fish in their",random_sample_395
"The Facilitating Act Framework: A new insight into cultural ecosystem services through investigating women, wild swimming and community",2025,"Barnard, L; O'Connor, S; Glenk, K",PEOPLE AND NATURE,10.1002/pan3.70077,WOS:001520614100001,"We present the Facilitating Act Framework (FAF) as a way to challenge more linear ways of thinking about cultural ecosystem services. The framework moves towards more relational and participant-led processes to provide insights on how values emerge through engaging with nature. The FAF has three pillars: (i) participant autonomy, (ii) open-ended parameters, and (iii) focusing on processes over outcomes. We the FAF to a case study of women and wild swimming in Scotland, illustrating how each of the pillars can be applied in practice using a mixed methods approach with a Q methodology element at",random_sample_395
"Nature Relatedness, well-being and life satisfaction across an urban-rural gradient",2025,"Shanahan, D; Stahlmann-Brown, P",PEOPLE AND NATURE,10.1002/pan3.70184,WOS:001604114300001,"There is compelling evidence that both connection to nature itself and engagement with nature-based activities promote positive physical, mental and social well-being outcomes. Most of this evidence comes from studies of urban residents, overlooking the importance-and opportunity-of nature-based interventions for rural communities. We use data from two large-scale surveys totalling 7254 New Zealanders to show that (1) there is a positive relationship between Nature Relatedness (a measure of connection to nature) and well-being and current and anticipated future life satisfaction across the urb",random_sample_395
Testing the reproducibility of ecological studies on insect behavior in a multi-laboratory setting identifies opportunities for improving experimental rigor,2025,"Mundinger, C; Schulz, NKE; Singh, P; Janz, S; Schurig, M; Seidemann, J; Kurtz, J; Müller, C; Schielzeth, H; von Kortzfleisch, VT; Richter, SH",PLOS BIOLOGY,10.1371/journal.pbio.3003019,WOS:001472646800001,"The reproducibility of studies involving insect species is an underexplored area in the broader discussion about poor reproducibility in science. Our study addresses this gap by conducting a systematic multi-laboratory investigation into the reproducibility of ecological studies on insect behavior. We implemented a 3 x 3 experimental design, incorporating three study sites, and three independent experiments on three insect species from different orders: the turnip sawfly (Athalia rosae, Hymenoptera), the meadow grasshopper (Pseudochorthippus parallelus, Orthoptera), and the red flour beetle (T",random_sample_395
The impact of social networks on rural residents' engagement in living environment upgrade: An integrated analysis drawing on social network theory and the theory of planned behavior,2025,"Amat, G; Wang, J",PLOS ONE,10.1371/journal.pone.0312779,WOS:001492214200013,"The issue of rural living environment is a critical concern for China and the global community, intricately intertwined with regional economic development. The proactive involvement of rural residents, who are both beneficiaries and influencers of the environment, constitutes a cornerstone in improving environmental standards. Therefore, the factors that shape rural residents' participation in living environment upgrade must be explored. Drawing upon the theory of planned behavior and social capital theory, this study employs a structural equation model (SEM) to comprehensively examine the det",random_sample_395
Collecting Qualitative Data at Scale with Large Language Models: A Case Study,2025,"Cuevas, A; Scurrell, J; Brown, EM; Entenmann, J; Daepp, MIG",PROCEEDINGS OF THE ACM ON HUMAN COMPUTER INTERACTION,10.1145/3710947,WOS:001550992400008,"Chatbots have shown promise as tools to scale qualitative data collection. Recent advances in Large Language Models (LLMs) could accelerate this process by allowing researchers to easily deploy sophisticated interviewing chatbots. We test this assumption by conducting a large-scale user study (n=399) evaluating 3 different chatbots, two of which are LLM-based and a baseline which employs hard-coded questions. We evaluate the results with respect to participant engagement and experience, established metrics of chatbot quality grounded in theories of effective communication, and a novel scale ev",random_sample_395
Exploring How Many Categories Are Needed to Model Ordinal Intensive Longitudinal Data as Continuous With Dynamic Structural Equation Models,2025,"McNeish, D; Savord, A",PSYCHOLOGICAL METHODS,10.1037/met0000784,WOS:001545438700001,"Technological innovations facilitate collecting intensive longitudinal data (ILD), which is characterized by many repeated measures over a short timeframe. Dynamic structural equation models (DSEMs) have been proposed to accommodate unique features of ILD. Ordinal responses are common in ILD to reduce participant burden and mitigate nonresponse, but treating outcomes as continuous in DSEM is most common in empirical studies. However, it is currently unclear whether or when it is defensible to model ordinal ILD as continuous. Similar questions have been addressed in factor analysis, but these f",random_sample_395
Understanding the Climate for Creativity and Innovation: 40 Years of Progress on the Situational Outlook Questionnaire,2025,"Isaksen, SG; Pupal, S",PSYCHOLOGICAL REPORTS,10.1177/00332941251335600,WOS:001467839500001,"Establishing a work environment that is conducive to creativity and innovation is a key priority for organizations of all kinds. A variety of measures have been developed to assess the climate and culture for creativity and innovation and some limited literature is available that reviews these. Those sources that do review these assessments usually include only a handful of measures and their reviews are brief. The purpose of this article is to comprehensively summarize forty years of research, development, and application of one of these assessments called the Situational Outlook Questionnair",random_sample_395
An Ecowomanist Analysis of Politicized Environmental Identity Formation and Environmental Activism Among Black Women in the United States,2025,"Shodiya, S; Baker, BA; Robinson, D; Cerezo, A; Krueger, NT",PSYCHOLOGY OF WOMEN QUARTERLY,10.1177/03616843251382254,WOS:001586411500001,"Politicized environmental identity is a central predictor of environmental activism. However, examinations of politicized environmental identity and environmental activist identity have failed to explore nuance embedded in the experiences of individuals with intersecting marginalized identities. Grounded in ecowomanism and Black feminism, this phenomenological inquiry explored the development of politicized environmental identity alongside other social identities through the narratives of six Black women environmental activists. Findings suggested that critical consciousness and exposure to en",random_sample_395
"It might be able to produce a text, but it's not able to produce knowledge: qualitative researchers' perspectives on the use of Generative AI in research",2025,"Foley, S; Dempsey, M; O'Sullivan, C; Frost, N",QUALITATIVE RESEARCH IN PSYCHOLOGY,10.1080/14780887.2025.2602816,WOS:001642887300001,"Generative Artificial Intelligence (GenAI) tools have become widely available in recent years. GenAI raises important questions for the practice of qualitative research in psychology, particularly in relation to the ethical and transparent use of GenAI in research conduct and reporting. To explore current perspectives of researchers on this shift in widespread availability of GenAI, we report on the responses of 100 qualitative researchers to a qualitative survey. The themes generated using reflexive thematic analysis explore concerns for research quality, imaginings of new expectations for re",random_sample_395
Exploring environmentally responsible behavior of megaproject contractors using an extended theory of planned behavior,2025,"Zhai, Z; Gao, SR; Shan, M",SCIENTIFIC REPORTS,10.1038/s41598-025-06547-z,WOS:001523023800026,"Environmentally responsible behavior (ERB) of contractors in megaprojects is crucial for promoting sustainability, but how to trigger and predict it remains unclear. This study integrates moral identity and corporate green culture into the theory of planned behavior (TPB) to develop an extended TPB (ETPB). Based on a questionnaire survey (N = 181) from Chinese megaprojects, we found that (1) contractors' attitudes, subjective norms, and perceived behavioral control positively influence their intentions to engage in ERB; (2) perceived behavioral control, intentions, moral identity, and corporat",random_sample_395
Validating ajzen's theory of planned behavior in Saudi translation education programs using a reflective structural equation model,2025,"Alhamami, M",SCIENTIFIC REPORTS,10.1038/s41598-025-05363-9,WOS:001503073900034,Translation education is essential for global communication but remains under-researched. This study revisits Ajzen's Theory of Planned Behavior (TPB) to explore how students' beliefs influence their engagement in translation programs using a new model. A new TPB questionnaire was developed and validated using a Reflective-Reflective Higher-Order Construct (R-R HOC) model. Data were collected from 45 undergraduate and graduate students across ten Saudi universities. Partial Least Squares Structural Equation Modeling (PLS-SEM) was used to assess both measurement and structural models. Bootstrap,random_sample_395
Reproducible Ala-Gly oligomerization catalyzed by the natural Borate colemanite in prebiotic conditions,2025,"Rimoldi, I; Facchetti, G; Feni, L; Gatta, GD; Lotti, P; Rizzato, S; Christodoulou, MS; Silvestrini, L; Lo Presti, L",SCIENTIFIC REPORTS,10.1038/s41598-025-14072-2,WOS:001549208400025,"The abiogenesis of complex peptides is a yet unsolved problem concerning the origin of life, as it is unclear how specific amino acid sequences could be formed in the absence of a regulation mechanism. Crystalline minerals could have provided template scaffolds to sustain replicable oligomerization processes. We demonstrate that the natural organophilic borate colemanite, CaB3O4(OH)3<middle dot>H2O, fosters consistent Gly-Ala oligomerization into AG8, G7AG and G7GA strands with well-defined primary sequence (8%, 47% and 45% respectively) from activated glycine and alanine as N-carboxyanhydride",random_sample_395
"Comparing large Language models and human annotators in latent content analysis of sentiment, political leaning, emotional intensity and sarcasm",2025,"Bojic, L; Zagovora, O; Zelenkauskaite, A; Vukovic, V; Cabarkapa, M; Jerkovic, SV; Jovancevic, A",SCIENTIFIC REPORTS,10.1038/s41598-025-96508-3,WOS:001459325700008,"In the era of rapid digital communication, vast amounts of textual data are generated daily, demanding efficient methods for latent content analysis to extract meaningful insights. Large Language Models (LLMs) offer potential for automating this process, yet comprehensive assessments comparing their performance to human annotators across multiple dimensions are lacking. This study evaluates the inter-rater reliability, consistency, and quality of seven state-of-the-art LLMs. These include variants of OpenAI's GPT-4, Gemini, Llama-3.1-70B, and Mixtral 8 x 7B. Their performance is compared to hu",random_sample_395
Thematic insights into the impact of large language models on K-12 education in rural India from student volunteers' perspectives,2025,"Goyal, H; Garg, G; Mordia, P; Ramachandran, V; Kumar, D; Challa, JS",SCIENTIFIC REPORTS,10.1038/s41598-025-18047-1,WOS:001651235700002,"Artificial Intelligence (AI)-powered tools, particularly Large Language Models (LLMs), are increasingly being explored as catalysts for educational transformation. While their application in urban and higher education contexts has gained traction, there remains a significant gap in understanding how such technologies can support K-12 learning in under-resourced rural environments. This study investigates the perceptions of student volunteer educators on the integration of LLMs in rural Indian classrooms. Drawing from 23 semi-structured interviews conducted with volunteers engaged in teaching i",random_sample_395
Study on the effect of space tightness on the inerting effect of liquid CO2 in pottery jar liquor warehouses,2025,"Li, XM; Wan, W; Bai, G; Zhao, YK; Shi, XX; Zhu, JS",SCIENTIFIC REPORTS,10.1038/s41598-024-84180-y,WOS:001390088200028,"To investigate the effect of space tightness on inerting of liquid CO2. Pottery jar liquor warehouse was selected as the research subject, numerical simulation was utilized to study the spatial inerting and CO2 migration and distribution under different space tightness degrees and injection flow rates. The results revealed that after injection into the space, CO2 distributed like an ""umbrella"", the CO2 protective layer undergoes a dynamic process of concentration increase and thickness enhancement, achieving upward accumulation and migration of the inert medium protective layer. The space was ",random_sample_395
Comparison of Online Probability Panels in Europe: New Trends and Old Challenges in the Era of Open Science,2025,"Taddei, L; Germani, D; Marchesini, N; Paolillo, R; Pennacchiotti, C; Primerano, I; Santurro, M; Cerbara, L",SOCIETIES,10.3390/soc15080210,WOS:001558178900001,"Online Probability Panels (OPPs) have emerged as essential research infrastructures for social sciences, offering robust tools for longitudinal analysis and evidence-based policy-making. However, the growing role of the Open Science movement demands systematic evaluation of their compliance. This study compares major European OPPs-including LISS, GESIS, the GIP, ELIPSS, and the Swedish and Norwegian Citizen Panels-focusing on their practices of openness, recruitment, sampling, and maintenance. Through a qualitative analysis of public documentation and methodological reports, the study examines",random_sample_395
Promoting safe and pro-environmental behaviors for sustainable forest management: Integrating technology acceptance model and the norm activation model,2025,"Savari, M; Khaleghi, B",SOCIO-ECONOMIC PLANNING SCIENCES,10.1016/j.seps.2025.102158,WOS:001416696800001,"In recent decades, Iran's forest resources have faced severe threats due to overexploitation. This study aims to identify key factors influencing stakeholders' intentions to adopt forest conservation behaviors, utilizing a hybrid framework that combines the Technology Acceptance Model (TAM) and the Norm Activation Model (NAM). A survey-based methodology, supported by a questionnaire and analyzed using Structural Equation Modeling (SEM), was employed. The study focused on rural households living in or near the Arasbaran forests of northwestern Iran. Results indicate that the integration of TAM ",random_sample_395
How Valid Are Trust Survey Measures? New Insights From Open-Ended Probing Data and Supervised Machine Learning,2025,"Landesvatter, C; Bauer, PC",SOCIOLOGICAL METHODS & RESEARCH,10.1177/00491241241234871,WOS:001188432300001,"Trust is a foundational concept of contemporary sociological theory. Still, empirical research on trust relies on a relatively small set of measures. These are increasingly debated, potentially undermining large swathes of empirical evidence. Drawing on a combination of open-ended probing data, supervised machine learning, and a U.S. representative quota sample, our study compares the validity of standard measures of generalized social trust with more recent, situation-specific measures of trust. We find that survey measures that refer to ""strangers"" in their question wording best reflect the ",random_sample_395
Switching a Face-to-Face Panel to Self-Administered Survey Modes: Experimental Evidence on Effects of Mode Assignment on Response and Selectivity,2025,"Schröder, J; Schmiedeberg, C; Brüderl, J; Bozoyan, C",SURVEY RESEARCH METHODS,10.18148/srm/2025.v19i1.8427,WOS:001473929200001,"Based on a mode experiment implemented in pairfam, a large, established German panel study, we investigate whether switching a panel from face-to-face to push-to-web survey mode leads to increased attrition and selectivity. We find that the redesign increases overall attrition by almost six percentage points, and causes even larger losses among full-time employed, self-employed, and less educated respondents. Two of the Big Five personality traits moderate the mode effect: conscientiousness and openness, while no differences are found for agreeableness, neuroticism, and extraversion. These res",random_sample_395
The Effect of Targeted Incentives on Response Rates and Representativeness: Evidence from the Next Steps Age 32 Survey,2025,"Gaia, A; Brown, M; Adali, T; Fleetwood, S; Lai, C",SURVEY RESEARCH METHODS,10.18148/srm/2025.v19i3.8451,WOS:001648113600006,"This paper analyses the effect on response rate and non-response bias of tailoring the level of monetary incentives offered to participants in a longitudinal study, depending on sample members' response propensity. Specifically, we test whether offering higher value incentives to prior wave non-respondents (and lower value incentives to prior wave respondents) would lead to overall higher response rates and lower non-response bias, compared to offering to all sample members the same monetary incentive. In order to test these hypotheses, we use large-scale experimental data from the Next Steps ",random_sample_395
Against All Odds: On the Robustness of Probability Samples Against Decreases in Response Rates,2025,"Jabkowski, P; Kohler, U; Kolczynska, M",SURVEY RESEARCH METHODS,10.18148/srm/8475,WOS:001473929200007,"Responses rates in surveys with probability samples have decreased in the last decades, but has this decrease caused a decline in sample quality? Our paper addresses this question with an analysis of methodological data describing 776 surveys from four cross-national survey and International Social Survey Programme, between 1999 and 2020. Based on a theoretical model of factors that shape unit nonresponse and unit nonresponse bias, we estimate causal effects of historical time on both, nonresponse and nonresponse bias, as well as the contribution of nonresponse to nonresponse bias. Analyses sh",random_sample_395
Internet Coverage Bias in Web Surveys in Europe,2025,"Gaia, A; Sala, E; Respi, C",SURVEY RESEARCH METHODS,10.18148/srm/2025.v19i2.8298,WOS:001555383700004,"The use of web surveys has increased over the last decades in an attempt to reduce survey costs and maximise response rates; this trend has accelerated during the Covid-19 pandemic, when social distancing measures impede face-to-face data collection. Despite the widespread use of web surveys, the uncomplete Internet coverage may still pose a threat to data quality. Using large scale probability-based Eurobarometer data from 2010-2019 we: i) describe the trend in Internet coverage rate across Europe, ii) investigate demographic and socio-economic differences between the Internet and non-Interne",random_sample_395
"Effects of Replacing Telephone with Web, Mail, and Mixed-Mode Data Collection in an Establishment Follow-Up Survey",2025,"Küfner, B; Sakshaug, JW; Zins, S; Globisch, C",SURVEY RESEARCH METHODS,10.18148/srm/2025.v19i4.8553,WOS:001648113600005,"Due to rising data collection costs, there is growing pressure to move away from traditional interviewer-administered mode designs in favor of fully self-administered mode designs in ongoing panel surveys, including large-scale establishment panels. However, the consequences of moving to a fully self-administered mode design on follow-up and cumulative participation in ongoing establishment panel surveys are largely unknown. To address this research gap, we report the results of a follow-up mode design experiment conducted in the second wave of the 2020 IAB-Job Vacancy Survey, an ongoing panel",random_sample_395
The Impact of Scale Direction on Data Quality,2025,"Yan, T; Cernat, A; Keusch, F",SURVEY RESEARCH METHODS,10.18148/srm/2025.v19i2.8384,WOS:001555383700005,"Survey literature has documented a tendency for respondents to select scale options closer to the start of a scale, resulting in scale direction effects. This paper builds upon the literature and expands it in two important ways. First, we experimentally manipulated scale length, scale labeling, and scale type, and fully crossed them with scale direction. This experimental setup allows us to examine the moderating effects of other scale features on scale direction effects. Second, previous literature largely examined the impact of scale direction on distributional properties of answers. In thi",random_sample_395
Using Large Language Models for Coding German Open-Ended Survey Responses on Survey Motivation,2025,"von der Heyde, L; Haensch, AC; Weiss, B; Daikeler, J",SURVEY RESEARCH METHODS,10.18148/srm/2025.v19i3.8568,WOS:001648113600001,"The recent development and wider accessibility of large language models (LLMs) have spurred discussions about how these language models can be used in survey research, including classifying open-ended survey responses. Due to their linguistic capacities, it is possible that LLMs are an efficient alternative to time-consuming manual coding and the pre-training of supervised machine learning models. As most existing research on this topic has focused on English-language responses relating to non-complex topics or on single LLMs, it is unclear whether its findings generalize and how the quality o",random_sample_395
Spatial Distribution of Cultural Ecosystem Services in Rural Landscapes Using PGIS and SolVES,2025,"Yaman, Y; Örücü, S",SUSTAINABILITY,10.3390/su17146388,WOS:001554265700001,"Cultural ecosystem services (CES) play a vital role in rural well-being, yet their spatial patterns and local perceptions remain underexplored in many regions, including T & uuml;rkiye. This study aims to assess the social values of CES in rural landscapes by focusing on the & Scedil;arkikaraa & gbreve;a & ccedil; and Yeni & scedil;arbademli districts of Isparta Province. Using Participatory Geographic Information Systems (PGIS) and the Social Values for Ecosystem Services (SolVES) models, we collected and analyzed spatial data from 836 community surveys, mapping 3771 CES value points. Sentine",random_sample_395
Identification and Evaluation of Cultural Ecosystem Service Resources in the Territory of the Local Action Group Lednice-Valtice Area,2025,"Zourková, I; Hromková, L; Schneider, J; Fialová, J",SUSTAINABILITY,10.3390/su17010013,WOS:001393994900001,"The article focuses on the identification and mapping of cultural ecosystem service (CES) resources in the territory of the Local Action Group Lednice-Valtice Area (LAG LVA). The Consolidated Layer of Ecosystems (CLE) was used for mapping, and changes in the distribution and overall representation of cultural ecosystem service resources across the different CLE versions were monitored. A total of 27 ecosystem categories were identified in the region. Subsequently, the importance of cultural ecosystem services was assessed based on expert estimation. The classes of ecosystem services defined wi",random_sample_395
"A Five-Culture Validation of the Environmental Value-Bases Scale: A Measure of Instrumental, Intrinsic, and Relational Environmental Values",2025,"Lengieza, ML; Swim, JK; DeCoster, J; Guerriero, JG; Saito, O; Le Coent, P; Sella, L; Chien, H; Hérivaux, C; Rota, FS; Ragazzi, E",SUSTAINABILITY,10.3390/su172210102,WOS:001624591600001,"Previous research identified three reasons for valuing nature (i.e., the basis for seeing nature as valuable and important): (1) valuing nature for what it gives to humans (instrumental), (2) valuing nature for its own sake (intrinsic), and (3) valuing nature because of the relationship between people and nature (relational). Of these, relational value-bases have been less studied, especially in non-Western cultures. Using a large sample (n = 2618), with participants from five distinct cultural regions (Japan, Taiwan, Italy, France, USA), the present research tests whether a three-factor frame",random_sample_395
Emerging ethical duties in AI-mediated research: A case of data sovereignty in applying cross-national regulation,2026,"Ayala, R; Hervé-Fernández, P",ACCOUNTABILITY IN RESEARCH-ETHICS INTEGRITY AND POLICY,10.1080/08989621.2026.2623487,WOS:001676492400001,"BackgroundArtificial intelligence (AI) is reshaping research practices, yet its ethical implications remain under-examined, particularly in cross-national contexts.ObjectiveTo explore how AI integration into environmental science complicates informed consent, privacy and data sovereignty, and to identify the ethical duties that follow for researchers.Case contextDrawing on a Chilean case study that adopts the European Union's General Data Protection Regulation (GDPR) as a normative framework, we focus on everyday AI-mediated tools embedded in research infrastructures (e.g., transcription, clou",random_sample_395
The Development of a Large Language Model-Powered Chatbot to Advance Fairness in Machine Learning,2026,"Santiago, PHR; Ju, XQ; Vasquez, X; Shen, HD; Jamieson, L; Elani, HW",AI,10.3390/ai7030090,WOS:001724957200001,"Background: Machine learning (ML) has been widely adopted in decision-making, making fairness a central ethical and scientific priority. We developed the Themis chatbot, a Large Language Model (LLM) system designed to explain concepts of ML fairness in an accessible, conversational format. Methods: The development followed four stages: (1) curating a document corpus of 286 peer-reviewed publications on ML fairness; (2) development of Themis by combining a modern LLM (OpenAI's GPT-4o) with Retrieval Augmented Generation (RAG); (3) creation of a 340-item benchmark dataset, the FairnessQA; and (4",random_sample_395
Algorithm literacy as a moderator of media trust: a theory of planned behavior approach,2026,"Park, CS; Murtuza, M",AI & SOCIETY,10.1007/s00146-025-02848-z,WOS:001660535300001,"Using a mixed methods approach, we surveyed 780 adults and conducted follow-up interviews with 21 participants in China, to explore cognitive and behavioral factors shaping media trust. Results show that algorithm literacy and news literacy significantly predict trust in mainstream media, especially when considered interactively. However, these factors do not significantly influence trust in social media, suggesting the importance of platform-specific dynamics. Applying the Theory of Planned Behavior (TPB), we find that algorithm literacy enhances attitudes, subjective norms, and perceived beh",random_sample_395
Hybrid interpretation with generative AI: a pilot study using the A Duo with ChatGPT instrument,2026,"Esteban, MPS",AI & SOCIETY,10.1007/s00146-025-02839-0,WOS:001659604400001,"Generative artificial intelligence is reshaping analytical practices and raises questions about how meaning is constructed when analysts work in dialogue with a generative system. This article presents A Duo with ChatGPT, a structured instrument designed to make hybrid interpretation empirically traceable during a qualitative analysis task. Our contribution is methodological, focussing on instrument design and feasibility rather than evaluating ChatGPT's performance. The framework provides an operational definition of hybrid interpretation and specifies four epistemic dimensions (distributed a",random_sample_395
Instant understanding: LLM zero-shot qualitative discourse analysis of multimodal social media content,2026,"Tucker, D; Henery, GL",AI & SOCIETY,10.1007/s00146-026-03066-x,WOS:001796225600001,"The most successful uses of generative AI in social science up to this point have been limited several ways, mostly processing text-only data for simple and sharply delineated tasks, such as thematic analysis and hate speech detection, and frequently requiring training or fine-tuning of the AI model before use. The present study greatly expands the space of possible applications of generative AI in social science by demonstrating the ability of Gemini 2.5 Pro, a current frontier Large Language Model (LLM), to conduct comprehensive discourse analyses of multimodal (text, image, and video) socia",random_sample_395
Reasonable to Whom? Rethinking Informed Consent Disclosures in Light of the Research Related Concerns of the Autistic Community,2026,"Khatiwada, M; Howard, D; Krempley, T; Walton, K; Williams, C; Graber, AD",AMERICAN JOURNAL OF BIOETHICS,10.1080/15265161.2026.2632012,WOS:001705372200001,"Information disclosure during the informed consent process presents a dilemma. If too little information is presented, participants are unable to make an informed decision. Exhaustive disclosure is, however, a practical impossibility. In the United States, this dilemma was historically navigated in the research context by requiring that disclosure include enumerated items: the purpose of the research, potential risks, etc. In 2018, federal guidelines were updated to require that disclosure adhere to the reasonable person standard, whereby participants must be given all information that an ""ave",random_sample_395
Quantifying global-scale mechanisms of urban morphological change: A novel Structural Equation Model based on the Pressure-State-Response framework,2026,"Chen, T; Li, XC; Geng, MQ; Liu, SR; Yu, GJ; Ma, HY",APPLIED GEOGRAPHY,10.1016/j.apgeog.2026.103908,WOS:001675282100001,"Understanding the drivers of urban morphological change is vital for sustainable urban development, yet quantitative analyses of long-term, global-scale urban morphological evolution remain limited. In this study, we examined spatiotemporal changes in urban morphology across 27 major cities in the Global North and South from 2000 to 2020, using a structural equation model (SEM) integrated with the Pressure-State-Response (PSR) framework. We integrated global datasets to quantify latent variables (e.g., Pressure, State, Response) and their observed indicators, including building fraction (BF), ",random_sample_395
Pre-Post EEG and Psychological Changes Following a Life Story Program in Older Adults: A Pilot Study,2026,"Shin, H; Jeon, S; Lee, M",APPLIED SCIENCES-BASEL,10.3390/app16073577,WOS:001738531000001,"This study examined temporal scalp electroencephalography (EEG) absolute power and brief self-reported psychological state measures before and after participation in a Life Story Program (LSP) in older adults. Five older women participated in the study. For each participant, pre- and post-assessments were scheduled at approximately the same time of day and included a brief four-item questionnaire and biosignal acquisition in a controlled seated environment. EEG was recorded at 500 Hz from T5 and T6 during an eyes-closed resting condition. For EEG analysis, only non-speaking segments were used;",random_sample_395
The trade-off between robustness and reliability in chinese legal large language models: an empirical study,2026,"Liu, Y; Liu, XK; Huang, HZ; Yu, FF; Xiong, T; Xia, XYQ; You, BH; Wu, JQ",ARTIFICIAL INTELLIGENCE AND LAW,10.1007/s10506-026-09510-z,WOS:001723160500001,"Legal large language models (LLMs) deployed in high-stakes judicial settings must exhibit robustness against non-substantive linguistic variations while preserving acute sensitivity to legally determinative facts and norms. This study investigates this robustness-reliability trade-off within the context of Chinese legal tasks. We curate a dataset of 5,000 Chinese judicial question-answer pairs and generate semantic-preserving adversarial rewrites, retaining only those validated by an embedding-based semantic consistency filter. Holding the total training budget and fine-tuning protocol constan",random_sample_395
Research Ethics in Conflict Zones: Reflections on 'Do no Harm' Ethics for the Research Network,2026,"Roberts, KB",ASIA PACIFIC VIEWPOINT,10.1111/apv.70053,WOS:001773543500001,"What does it mean to 'do no harm' in academic research? 'Do no harm' ethics emphasizes the responsibility of researchers to mitigate the emotional, physical, and political harms that may arise through participation in research. These concerns are heightened in conflict zones, where access constraints and intersecting vulnerabilities shape the experiences of research participants, research partners, and researchers alike. In complex situations like Myanmar, where authoritarian governance and protracted conflict exacerbate risk, collaboration with local research partners is often viewed as essen",random_sample_395
"Monetary Accounting of Cultural Ecosystem Services: Recreational Fishing in the Murray-Darling Basin, Australia",2026,"Scheufele, G; Pascoe, S; Nichols, R; Smith, G; Mcilgorm, A",AUSTRALIAN JOURNAL OF AGRICULTURAL AND RESOURCE ECONOMICS,10.1111/1467-8489.70082,WOS:001651548100001,"Recreational-related ecosystem services are culturally and economically significant activities that involve the direct interaction between people and the environment. In this study, we focus on cultural ecosystem services relating to recreational fishing-that is, the direct experiential benefits to individuals and communities associated with recreational fishing. Although monetary valuations of recreational fishing (using welfare values) are well established, their integration into ecosystem accounts remains limited. Ecosystem accounts require exchange values-values that the ecosystem service ",random_sample_395
Psychometric Properties of the Questionnaire of Psychosocial Factors in University Environments,2026,"Parra, IME; Salomón, RV; Ulloa, EEJ; Toro, ED; Gutiérrez, AK",BEHAVIORAL SCIENCES,10.3390/bs16060891,WOS:001802637000001,"Psychosocial factors are associated with the well-being of university students, influencing their academic demands, degree of autonomy and control, and perceived support within their learning environment. Based on the demand-control-support model, the Questionnaire of Psychosocial Factors in University Environments (CFPAU, for its acronym in Spanish) was developed. This newly created instrument was designed to assess risk and protective factors in university students. This study included a total sample of 1221 Mexican students from two public universities in Mexico. The samples were randomly d",random_sample_395
ESP practitioners' perspectives on the efficiency of using artificial intelligence 'ChatGPT' in needs analysis,2026,"Assassi, T",COMPUTER ASSISTED LANGUAGE LEARNING,10.1080/09588221.2024.2428943,WOS:001388609900001,"This research investigated English for Specific Purposes (ESP) practitioners' perspectives regarding using ChatGPT (Chat Generative Pre-Trained Transformer), an artificial intelligence tool, for linguistic needs analysis, namely target and language learning needs. It addresses a notable research gap in applying AI tools to ESP needs analysis. This study is particularly significant as it explored the potential of AI tools to enhance data accuracy and streamline the time-consuming needs analysis process. This is a significant challenge for ESP course designers. Following the qualitative approach",random_sample_395
Interruptions in virtual meeting: Scale development and validation,2026,"Wang, JZ; Xu, JL; Jin, JF; Zhang, N",COMPUTERS IN HUMAN BEHAVIOR REPORTS,10.1016/j.chbr.2026.101135,WOS:001785105900001,"Virtual meetings have been utilized widely in the virtual collaboration of employees, who reports that there are numerous sources of interruptions in the virtual communication scenario. Based on the theoretical foundations of interruption phenomena and the specific technical features of virtual meeting systems, four distinct dimensions of interruptions were identified: environmental interruptions, multi-face interaction interruptions, self-view interruptions, and communication interruptions. This study aims to develop a scale for measuring interruptions in virtual meetings, guided by Media Nat",random_sample_395
Observing the effectiveness of stewards and cameras in promoting behavior for beach-nesting bird conservation: A mixed-methods approach,2026,"Büscher, M; Dayer, A; Livingston, S; Amendola, E",CONSERVATION SCIENCE AND PRACTICE,10.1111/csp2.70270,WOS:001745469600001,"Understanding the factors that influence human behavior is crucial for effective wildlife conservation strategies. This study examines the impact of conservation stewards and cameras on beachgoers' adherence to conservation guidelines designed to protect beach-nesting birds. Specifically, it investigates whether these interventions encourage visitors to maintain a 25-ft distance from nesting areas and walk around birds feeding along the waterline. Using a mixed-methods approach, we conducted systematic behavioral observations (n = 267) and semi-structured interviews (n = 20) to assess the effe",random_sample_395
Psychometric evaluation of a 7-item Connectedness to Nature Scale in a Polish national adult sample,2026,"Bajkowska, K; Modlinska, K; Rycielska, L; Domaradzka, E",CURRENT PSYCHOLOGY,10.1007/s12144-026-09512-9,WOS:001773124000001,"This study presents the Polish adaptation and validation of the Connectedness to Nature Scale (CNS), a measure of emotional connection with nature. Using quota sampling, we recruited 1038 participants matching the Polish population structure in terms of gender, age (range: 18-65), education, and the size of place of residence. Participants completed the CNS and related measures. A 7-item version presented a better fit than the original 14-item scale. Confirmatory factor analysis supported a unidimensional structure and high internal consistency (alpha = 0.93, omega(t) = 0.94). Construct validi",random_sample_395
The German version of the highly sensitive child scale: Psychometric properties and identification of sensitivity groups,2026,"Wehrli, S; Hochreuter, J; Buttelmann, D; Lionetti, F; Pluess, M; Oeri, N; Koechlin, H",CURRENT PSYCHOLOGY,10.1007/s12144-026-09244-w,WOS:001721413800001,"Individuals differ in their sensitivity to external stimuli. The Highly Sensitive Child (HSC) scale can be used to measure sensitivity in children and adolescents. However, the German version has yet to be validated. We examined the psychometric properties of the German self- and the parent report version of the HSC. Measurement invariance (MI) across age groups was tested for the parent report version and latent profile analysis (LPA) was used to identify sensitivity groups. Pooled data from German-speaking countries (N= 250 self-reports; N= 3657 parent reports) was included. The factor struc",random_sample_395
The teacher reflective functioning questionnaire: assessing mentalization in a large sample of Italian teachers,2026,"Cerciello, F; Cecere, G; La Penna, I; Esposito, C; Sica, LS; Frolli, A",CURRENT PSYCHOLOGY,10.1007/s12144-026-09140-3,WOS:001696953700004,"The term mentalization refers to a metacognitive competence underlying the ability to understand others' affective expressions, regulate emotions, control impulses, and engage in self-monitoring. In the scientific literature, research has primarily focused on psychopathological disorders, personality disorders or neurodevelopmental conditions in which this ability is impaired. However, little attention has been given to the role of mentalization in the educational context even though it has a general key role in human relationships. The main aim of the present study is to develop and validate ",random_sample_395
"Spatiotemporal patterns of cultural ecosystem service supply, demand, and flows in urban green-blue spaces: A case study of Hangzhou, China",2026,"Zhang, JT; You, YX; Zheng, S; Lu, J; Liu, C",ECOLOGICAL INDICATORS,10.1016/j.ecolind.2026.115063,WOS:001800029200001,"Rapid urbanization has intensified spatial mismatches between the supply and demand of cultural ecosystem services (CES) in urban green-blue spaces. This study developed an indicator-based spatiotemporal framework to assess CES supply, demand, and service flows in Hangzhou, China, for 2014, 2019, and 2024. Spatial matching and spatial autocorrelation analyses were applied to examine supply-demand relationships and their temporal evolution. A raster-based service flow model was further used to simulate CES transmission pathways under spatial resistance constraints. Results show pronounced spati",random_sample_395
Agricultural livelihood sustainability assessment among the indigenous communities of Sundarban biosphere reserve in India: a cross-sectional mixed methods approach,2026,"Das, S; Sharma, KK; Das, D",ENVIRONMENT DEVELOPMENT AND SUSTAINABILITY,10.1007/s10668-024-05008-3,WOS:001246755600002,"Improving the tribal community's livelihood security is a top priority for the Indian government. This study measured the livelihood security among the tribal community of 19 C.D. blocks (C.D. blocks represent the community development blocks in West Bengal of India. In West Bengal C.D. blocks are the sub district level unit.) in the Sundarban Delta, a backward region in southeast India. No such studies consider the whole tribal community in this fragile ecosystem and deal with their livelihood sustainability. However, none of the studies addressed the integrated agricultural system (crop, fis",random_sample_395
Measuring teachers' perception of their participation in Environmental and Sustainability Education programmes: introducing the ESE programme questionnaire,2026,"Gracia, J; Alcántara-Manzanares, J; Torres-Porras, J",ENVIRONMENTAL EDUCATION RESEARCH,10.1080/13504622.2025.2526529,WOS:001521861300001,"This study advances the evaluation of the effectiveness of Environmental and Sustainability Education (ESE) programmes by developing a questionnaire that quantitatively measures teachers' perceptions of the ESE programme in which they have participated. The 28-item questionnaire assesses three validated scales: whole-school approach and perceived effect on students, self-efficacy, and burnout in relation to the programme. Content validity was established through expert judgement, while construct validity was examined using a combination of exploratory and confirmatory factor analyses, along wi",random_sample_395
Fishing Participation Explained Through an Extended Theory of Planned Behavior Model,2026,"Joffe-Nelson, N; Transue, A; Golebie, E; Parkos, JJ; Hunt, LM; van Riper, CJ",ENVIRONMENTAL MANAGEMENT,10.1007/s00267-026-02482-5,WOS:001754036400001,"Internal and external factors work in tandem to shape environmental behavior and guide strategies for natural resource management agencies, yet these factors are rarely integrated in empirical research. This study extended the Theory of Planned Behavior by incorporating constraints and environmental identity into a model to explain behavioral intentions among recreational anglers. Attitudes, perceived behavioral control, and environmental identity were strong correlates of environmental behavior, whereas constraints were weakly and negatively associated with intentions to go fishing the follow",random_sample_395
Associations of forest vs. urban environmental exposure with well-being and nasal microbiome composition: An exploratory pilot study,2026,"Lashus, DC; Gomez, A; Hummel, T; Jacobs, LF; Majid, A; Raju, RM; Smith, CJ; Williams, J; Bratman, GN",ENVIRONMENTAL RESEARCH,10.1016/j.envres.2025.123582,WOS:001658000100001,"The benefits of nature exposure for human well-being are well-recognized, yet much remains to be understood about the underlying causal mechanisms. This exploratory, hypothesis-generating pilot study used a natural experimental design with University of Washington students (Seattle, WA, USA; 2024) to investigate links between the nasal microbiome and well-being over an 8-week forest vs. urban environment exposure. After an academic year (September-May) during which all participants (N = 13) were full-time students in Seattle, one group relocated to remote forest sites in western Washington (n ",random_sample_395
Heat stress and sleep quality in Mediterranean cities: a pilot study introducing the Sleep Comfort Index (SCI),2026,"Ahsissene, S; Ortiz, CP; Raissouni, N",ENVIRONMENTAL RESEARCH COMMUNICATIONS,10.1088/2515-7620/ae3c64,WOS:001683735000001,"Urban heat increasingly affects sleep quality, yet quantitative evidence linking outdoor thermal stress and rest remains limited. This pilot study, conducted in Seville during the summer of 2023, examined how outdoor temperatures influence perceived sleep comfort. A total of 237 in situ outdoor thermal-comfort surveys (22.6 degrees C-41.1 degrees C; 14.7%-54.7% RH) were used to characterise daytime thermal perception and identify local comfort thresholds, and were combined with ERA5-derived solar radiation and wind speed data, as well as an online sleep questionnaire (n = 252). Most participan",random_sample_395
"Mixed methods to assess sacred forest socio-ecosystem dynamics: Case studies from Togo, Benin, Senegal, and Guinea",2026,"Manzini, A; Biao, SB; Hounkpati, K; Manga, SP; Sambou, C; Diankha, M; Soumah, SF; Kokou, K",ENVIRONMENTAL SCIENCE & POLICY,10.1016/j.envsci.2026.104437,WOS:001825749300001,"Africa experienced the highest annual rate of net forest loss globally from 2010 to 2020, primarily driven by human activities. In this context, Sacred Forests (SFs) ecosystems, deeply rooted in local spiritual, cultural, and historical traditions, offer valuable insights into sustainable forest conservation. This study adopts a mixedmethods approach to cross-compare the presence of SFs management practices and assess their effectiveness in mitigating deforestation across four case studies at the core and periphery of the Guinean Forest of West Africa hotspot: Guinea, Senegal (Casamance), Togo",random_sample_395
Predictors of teachers' inclusive practices: a longitudinal study using the theory of planned behaviour,2026,"Gülsün, I; Malinen, OP; Yada, A; Virtanen, T; Savolainen, H",EUROPEAN JOURNAL OF SPECIAL NEEDS EDUCATION,10.1080/08856257.2026.2641554,WOS:001708033800001,"We examined the longitudinal relationship between teachers' affective attitudes towards inclusive education, subjective norms about inclusive practices, self-efficacy, intentions to use inclusive practices, and their inclusive practices. The study used Ajzen's Theory of Planned Behaviour (TPB) and focused on two domains: personalised instructional practices and collaboration and assessment practices. We analysed longitudinal survey data consisting of responses from Finnish basic education teachers (N = 783) to two questionnaires launched in September 2022 and April 2023. The data on affective ",random_sample_395
What farmers want: Insights from a choice experiment to guide forest restoration in in the Peruvian Amazon,2026,"Begazo-Curie, K; Vanermen, I; Vranken, L",FOREST POLICY AND ECONOMICS,10.1016/j.forpol.2026.103735,WOS:001710711000001,"Despite growing recognition of tree-based restoration systems as effective for forest restoration, adoption among farmers remains limited. To enhance participation, it is crucial to understand farmers' preferences and the factors influencing their decision-making, particularly in areas facing high deforestation and forest degradation, such as the Amazon. This study assesses small-scale farmers willingness to adopt tree-based restoration systems on degraded forestlands, identifies key system attributes influencing farmersdecisions, and analyzes differences in adoption patterns across farmer gro",random_sample_395
"Artificial intelligence in human resource management: models for recruitment, training, performance, compensation, and retention",2026,"Safshekan, M; Feili, A; Shojaeifard, A; Sorooshian, S",FRONTIERS IN ARTIFICIAL INTELLIGENCE,10.3389/frai.2026.1718244,WOS:001695318500001,"Introduction In the era of rapid technological advancement, artificial intelligence (AI) has emerged as a transformative force across various industries, including human resource management (HRM). This study examines the application of AI in HRM systems, with a focus on recruitment, hiring, training, performance management, compensation, and human capital retention.Methods This study adopts a qualitative research approach. Experts in artificial intelligence and human resource management were identified, and data were collected through qualitative methods. The data were analyzed using thematic ",random_sample_395
"Extending the theory of planned behavior in mathematics education: teachers' innovative pedagogical knowledge, classroom climate, and gender differences in students' innovative attitudes",2026,"Ben-Motreb, K",FRONTIERS IN PSYCHOLOGY,10.3389/fpsyg.2026.1799251,WOS:001806399200001,"Fostering students' innovative capacities in mathematics is increasingly recognized as both a psychological and educational priority, yet little is known about how mathematics teachers' innovative pedagogical knowledge and the classroom climate are jointly associated with students' innovative attitudes, particularly in gender-segregated systems. Guided by the Theory of Planned Behavior (TPB), this study surveyed 300 first-year secondary mathematics students in Saudi Arabia (150 males, 150 females) using validated instruments that assessed perceptions of teachers' innovative pedagogical knowled",random_sample_395
Operationalizing cultural ecosystem services in urban green planning: a systematic review,2026,"Park, HY; Ferranti, EJS; Rogers, CDF",FRONTIERS IN SUSTAINABLE CITIES,10.3389/frsc.2026.1768123,WOS:001722295100001,"Cultural Ecosystem Services (CES) capture the non-material benefits that people derive from their interactions with nature, encompassing values such as recreation, aesthetic experience, identity, and wellbeing. Despite increasing recognition in policy and research, CES remain challenging to operationalize in urban green planning, constrained by methodological fragmentation and conceptual ambiguity within the broader ecosystem services framework. Addressing this gap is critical for advancing nature-based urban green planning that connects ecological performance with lived experience. This syste",random_sample_395
Development and validation of a moral shielding questionnaire for adolescents based on decision-making process theory,2026,"Wang, DW; Qiao, XQ; Liu, Y; Mao, WX; Lu, ZY; Li, MZ; Hu, YX",HUMANITIES & SOCIAL SCIENCES COMMUNICATIONS,10.1057/s41599-026-06725-y,WOS:001810748600005,"Adolescents, while morally malleable, are susceptible to negative factors that can lead to moral shielding due to their ongoing physical, mental, and social development. Moral shielding creates a range of psychosocial problems that determine the trajectory of the adolescent's moral development. However, the intangible nature of moral shielding makes it challenging to define and measure systematically. This study aims to develop a comprehensive measurement tool for adolescent moral shielding and to provide a foundation for future research on its factors and developmental trajectories. Study 1 w",random_sample_395
Principles for ethical research in the Himalayas: Decolonising research ethics across the disciplines,2026,"Malik, IH",HUMANITIES & SOCIAL SCIENCES COMMUNICATIONS,10.1057/s41599-026-06826-8,WOS:001739470300003,"Research in the Himalayan region has long been shaped by uneven power relations, driven by extractive academic practices, global conservation agendas, and development interventions. Although often unintentional, these approaches have tended to prioritise data collection over reciprocal relationships, producing knowledge that benefits external actors while silencing or marginalising local perspectives and communities. In this paper, I propose a framework for ethical research that centres the agency, knowledge systems, and material realities of Himalayan communities and ecologies. Drawing from c",random_sample_395
"Does ChatGPT help or hinder education? Exploring its benefits, challenges, student guilt, and the need for educator training",2026,"Bae, M; Wang, JY; Xue, HF; Chong, SM; Kwon, O; Ki, CW",INTERNATIONAL JOURNAL OF FASHION DESIGN TECHNOLOGY AND EDUCATION,10.1080/17543266.2024.2430585,WOS:001364582800001,"The advent of ChatGPT in educational settings has sparked ongoing debate about whether it serves as an innovative tool or a disruptive force. This study contributes to this discourse by offering a balanced exploration of the advantages and challenges of integrating ChatGPT into education, considering both student and educator perspectives. Additionally, we analyze whether students feel guilty using it and investigate the reasons behind such guilt. From the educators' viewpoint, the study goes beyond assessing ChatGPT's pros and cons by identifying the institutional training necessary for its e",random_sample_395
"Going Green with AI-Powered Virtual Influencers: The Role of Social Cues, Source Credibility and Environmental Identity",2026,"Wan, CL; Lee, DSY; Ng, PML; Leung, TCH",INTERNATIONAL JOURNAL OF HUMAN-COMPUTER INTERACTION,10.1080/10447318.2025.2561771,WOS:001577855000001,"This study examines how AI-powered virtual influencers (VIs) encouraging green behavior among social media users. Drawing on the Computers-Are-Social-Actors (CASA) paradigm and integrating Source Attractiveness and Source Credibility models, this study proposes a framework that offers comprehensive insights into the psychological mechanisms through which virtual influencers (VIs) impact their followers' pro-environmental intentions. An online survey collected 603 valid responses from users who had interacted with sustainability content shared by VIs. Social cues (anthropomorphism, warmth, and ",random_sample_395
ChatGPT on the Road: Leveraging Large Language Model-Powered In-Vehicle Conversational Agents for Safer and More Enjoyable Driving Experience,2026,"Choe, M; Bond, YL; Hasan, BK; Siddiqui, A; Jeon, M",INTERNATIONAL JOURNAL OF HUMAN-COMPUTER INTERACTION,10.1080/10447318.2026.2661827,WOS:001753684300001,"Studies on in-vehicle conversational agents have relied on pre-scripted prompts, constraining driver-agent interaction. The present study investigates an LLM-based in-vehicle agent capable of driver-initiated, multi-turn dialogues under manual driving conditions. Forty drivers participated in a driving simulator study using a within-subjects design comparing three conditions: no agent, pre-scripted agent, and ChatGPT-based agent. Results showed that the ChatGPT-based agent condition was associated with more stable driving performance across multiple metrics, including lower variability in long",random_sample_395
"Synthesizing VR Immersion, Presence, and Interactivity on TAM Variables in Visual Culture Art Education: A Meta-Analytic Structural Equation Modeling Approach",2026,"Lin, XF; Norman, H; Kamsin, IF; Yang, HP; Zhang, WY",INTERNATIONAL JOURNAL OF HUMAN-COMPUTER INTERACTION,10.1080/10447318.2026.2633215,WOS:001719037900001,"This study uses Meta-Analytic Structural Equation Modeling (MASEM) to synthesize 34 empirical studies examining how VR characteristics-immersion (IMM), presence (PRE), and interactivity (INT)-relate to key TAM variables, including perceived usefulness (PU), perceived ease of use (PEOU), and behavioral intention (BI) in visual culture art education (VCAE). The MASEM model fits the pooled correlation matrix well. Among them, INT demonstrates the strongest direct association with BI, whereas IMM exerts the highest total association, operating primarily through indirect paths. In particular, IMM i",random_sample_395
A Hybrid Structural Equation Modeling-Artificial Intelligence Model for Enhancing Cybersecurity of Personal Information in Mobile Applications,2026,"Alrusaini, OA",INTERNATIONAL JOURNAL OF HUMAN-COMPUTER INTERACTION,10.1080/10447318.2025.2508314,WOS:001501192400001,"Cyber threats are growing in sophistication due to global interconnectedness. This study used a hybrid structural equation modelling-artificial intelligence approach to analyses the intricacies of cybersecurity in the mobile applications environment by unravelling the dynamics between users' awareness, privacy concerns, user behaviour, application security capabilities, and AI to appreciate how they work together to yield exceptional cybersecurity outcomes. Our research indicated that users' awareness of cybersecurity issues resulted in individual behaviour and privacy concerns, underlining th",random_sample_395
Investigating Academic Intention to Adopt Virtual Reality Through the Integration of the Unified Theory of Acceptance and Use of Technology and the Protection Motivation Theory in Higher-Education Institutions,2026,"Alkhwaldi, AF; Alshammari, SH",INTERNATIONAL JOURNAL OF INFORMATION AND COMMUNICATION TECHNOLOGY EDUCATION,10.4018/IJICTE.401498,WOS:001700590500001,"This research investigated factors influencing Jordanian academics' intention to use virtual reality (VR) technology in higher-education institutions. Recognizing VR's transformative potential in education, the study integrated the unified theory of acceptance and use of technology with protection motivation theory to develop a comprehensive theoretical framework for VR adoption. An online survey collected data from Jordanian academics, analyzed using structural equation modeling. Findings revealed that threat appraisals, telepresence, effort expectancy, social influence, and facilitating cond",random_sample_395
"Interviewer and Respondent Sociodemographic Characteristics, Rapport, and Their Joint Impact on Data Quality in the NESDA Study",2026,"Horsfall, M; Hoogendoorn, AW; Draisma, S; Eikelenboom, M; Penninx, BWJH",INTERNATIONAL JOURNAL OF METHODS IN PSYCHIATRIC RESEARCH,10.1002/mpr.70090,WOS:001797121300001,"Objectives Data quality in face-to-face interviews may be affected by sociodemographic characteristics of interviewers and respondents (age, education, and gender) as well as their (dis)similarity. Similarity in these characteristics may foster rapport, potentially enhancing cooperation and improving data quality. This study examined the associations between interviewer and respondent sociodemographics, their similarity, and data quality, and whether rapport mediates these relationships in a sample of respondents with and without a depressive or anxiety disorder.Methods Baseline data from the ",random_sample_395
Comparing self-administered mixed-mode and face-to-face designs in a repeated cross-sectional survey,2026,"Asimov, A",INTERNATIONAL JOURNAL OF SOCIAL RESEARCH METHODOLOGY,10.1080/13645579.2025.2545974,WOS:001548008600001,"Repeated cross-sectional surveys, such as general social surveys, aim to maintain consistency across each survey to ensure valid comparisons. Traditionally conducted face-to-face, these surveys face declining response rates and rising costs, increasing interest in self-administered mixed-mode designs. This study investigates the effects of switching from face-to-face to self-administered mixed-mode designs on selection bias and measurement bias using data from the 2023 German General Social Survey (ALLBUS). Respondents were randomly assigned to a face-to-face, concurrent, or sequential self-ad",random_sample_395
Can LLMs help redefine core journals in Library and Information Science? A content-based classification approach using large language models,2026,"Kim, E",JOURNAL OF DOCUMENTATION,10.1108/JD-07-2025-0189,WOS:001605186400001,"PurposeThis study examines whether large language models (LLMs) can provide consistent content-based classification of core Library and Information Science (LIS) journals.Design/methodology/approachUsing 4,405 abstracts from ten core LIS journals (2019-2024), four LLMs - Claude 3 Haiku, GPT-4o Mini, Gemini Flash 2.0 and DeepSeek Coder Instruct - were prompted to classify each article into one of three categories: Core (central to the LIS field), CorePeriph (partially aligned with core themes) or Peripheral (loosely related or interdisciplinary). Inter-model agreement and journal-level classifi",random_sample_395
Do Racial Differences Exist in Survey Data Quality?,2026,"Ahn, Y; Chang, AC",JOURNAL OF ECONOMICS RACE AND POLICY,10.1007/s41996-025-00181-7,WOS:001737644500001,"We investigate whether there is a difference in survey data quality based on the race of the respondent in the Survey of Consumer Finances (SCF), an interviewer-administered survey on U.S. household finances. We measure data quality as either the rate that respondents answer questions, or the rate that SCF staff edit inconsistent or unusual answers discovered in raw interview data in order to improve the final SCF data. Holding interview complexity fixed, for the most part we find data quality is similar between households of different races in the SCF. There is some evidence of worse data qua",random_sample_395
The impact of prosocial behavior on the social entrepreneurial intention of the youth: a theory of planned behavior perspective,2026,"Al Sawaey, S; Palalic, R; As-Saber, MSN; Al Riyami, S; Backhirov, AA",JOURNAL OF ENTREPRENEURSHIP AND PUBLIC POLICY,10.1108/JEPP-07-2024-0112,WOS:001483499800001,"PurposeThis study aims to assess the extent to which the constructs of theory of planned behavior drive the social entrepreneurial intention (SEI) of the youth and provide a nuanced understanding of the role of prosocial behavior in shaping this intention.Design/methodology/approachA questionnaire was used to collect data with a sample size of 690 students, regarded as youth, across higher education institutions in Oman. Data analysis was performed using SPSS 25.0 and partial least squares structural equation modeling.FindingsThe results of the preliminary analysis confirmed that subjective no",random_sample_395
The effects of actors' interests and power on compliance with institutional arrangements: Mixed-methods insights from Cameroon's forest landscape restoration governance,2026,"Owusu, R; Kimengsi, JN; Giessen, L",JOURNAL OF ENVIRONMENTAL MANAGEMENT,10.1016/j.jenvman.2025.128295,WOS:001641316000001,"Actors' roles in forest landscape restoration (FLR) have gained scientific traction, although there is a lack of clarity on the link between actors' interests, power, and institutions in sub-Saharan Africa. We used actor-centred power and endogenous-cum-exogenous institutional analytical lenses to determine the effects of actors' interests and power elements on institutional compliance in rural Cameroon's FLR. We used interviews, focus group discussions, household surveys, and non-participant observations to obtain data for this study. The logistic regression and content analyses revealed that",random_sample_395
"Applying protection motivation theory to assess collaboration, urban tree risks and storm management in the US",2026,"Cadaval, S; Clarke, M; Roman, LA; Conway, TM; Koeser, AK; Eisenman, TS; Colee, J",JOURNAL OF ENVIRONMENTAL MANAGEMENT,10.1016/j.jenvman.2026.130313,WOS:001811605100001,"Urban trees are vital components of urban societies and ecosystems, but their management is often contested by diverse and sometimes conflicting goals. As storm frequency and intensity increases, it is important to understand the factors that impact municipal level proactive and reactive storm responses to urban trees including pruning, removal, and emergency procedures. Therefore, we surveyed 920 urban forestry professionals in the Northeastern and Southeastern United States to assess their perceived storm threats, socio-demographic characteristics and whether their affiliated organizations h",random_sample_395
Saving for the future? Integrating time orientations into the norm-activation model of utility-saving behavior,2026,"Shen, YY; Ru, P",JOURNAL OF ENVIRONMENTAL PLANNING AND MANAGEMENT,10.1080/09640568.2024.2421910,WOS:001353136900001,"Resource management involves a temporal concern over long- and short-term consequences. It is underexplored how resource conservation behaviors can be influenced by individual differences in consideration of future consequences (CFC), which reflects how people perceive the immediate versus distant outcomes of their actions. By integrating individuals' time orientations (i.e. CFC) into the value-belief-norm framework, the study investigated the norm activation process in utility-saving behavior. Survey data from 996 residents in Guangzhou, China, were analyzed using partial least squares struct",random_sample_395
Does psychological distance to climate change affect climate action? Preregistered meta-analyses of correlational and experimental evidence,2026,"Langlais, C; Mauduy, M; Chesterman, A; Demarque, C; Sénémeaud, C",JOURNAL OF ENVIRONMENTAL PSYCHOLOGY,10.1016/j.jenvp.2026.103000,WOS:001733425700001,"Psychological distance (PD) to climate change is often assumed to reduce climate action. Yet, correlational and experimental studies have yielded inconsistent findings. Although several systematic reviews have addressed this topic, a quantitative meta-analytical synthesis has been lacking. In this context, we conducted two meta-analyses of correlational and experimental studies to more systematically quantify the relationship between PD and climate action, assess between-study heterogeneity, and explore potential moderators. An analysis of 40 correlational studies (82 effect sizes, N-total = 3",random_sample_395
Coercive Control in Commercial Sexual Exploitation: Examining Prevalence and the Pros and Cons of Semi-Structured Interviews Versus Likert-Scale Self-Reports,2026,"Doychak, K; Raghavan, C",JOURNAL OF INTERPERSONAL VIOLENCE,10.1177/08862605261431782,WOS:001731944300001,"The inclusion of coercion in trafficking law has highlighted the need for a comprehensive, practical, and ecologically valid assessment of coercion. Accordingly, we examined coercive control (CC) using a semi-structured interview (The Brief Interview of Coercive Control [BICC]; Raghavan & Doychak, 2025) and a Likert self-report (The Checklist of Controlling Behaviors [CCB]; Lehmann et al., 2012) to systematically document type, frequency, and severity of CC in a sample of former victims of sex trafficking. CC tactics including surveillance and stalking, microregulation, manipulation, isolation",random_sample_395
Prediction Performances of Species Distribution Models for Marine Fish Species Vary with Sampling Design and Model Algorithm,2026,"Li, YD; Zhang, CL; Ma, YH; Xue, Y; Ji, YP; Ren, YP; Xu, BD",JOURNAL OF OCEAN UNIVERSITY OF CHINA,10.1007/s11802-026-6388-3,WOS:001773057500001,"Species distribution models (SDMs) are commonly used in predicting fish species distribution pattern and its change. However, the data collected from fishery-independent surveys may have deviations from the natural situation, leading to bias in ecological studies. This study aimed to explore the impact of sampling designs of fishery-independent surveys on the prediction of SDMs for marine fish species. The sampling designs included simple random sampling (SRS), stratified random sampling (StRS), systematic sampling (SYS) and stratified systematic sampling (StSS). Generalized linear model (GLM)",random_sample_395
Online Learning Self-Efficacy Scale: Measurement Invariance Across Various Demographic Characteristics,2026,"Kim, SY; Gezer, T; Lee, OTL",JOURNAL OF PSYCHOEDUCATIONAL ASSESSMENT,10.1177/07342829251377983,WOS:001569478100001,"The increased awareness of the importance of self-efficacy in online learning has led to a development of several scales. Of those, the Self-Efficacy Questionnaire for Online Learning (SeQoL) has served as a key instrument for researchers who examined students in online learning environments (Tsai et al., 2020). However, its utility with a diverse population has not been tested in the literature. Specifically, measurement invariance of the SeQoL has never been investigated. Ensuring measurement invariance of the SeQoL helps determine the adequacy of the measurement to diverse populations. This",random_sample_395
Who prefers smartphone surveys? Revisiting predictors of survey mode preference,2026,"Olson, K; Smyth, JD",JOURNAL OF THE ROYAL STATISTICAL SOCIETY SERIES A-STATISTICS IN SOCIETY,10.1093/jrsssa/qnag001,WOS:001665744500001,"Survey researchers attempt to anticipate sample members' preferred mode for participation to increase response rates and reduce survey costs. Research conducted in the early 2000s showed that mode familiarity, mode access, and cognitive and physical abilities predicted mode preferences. Much has changed in technology and communication methods since this initial work. This paper reexamines predictors of survey mode preferences using a general population mixed-mode survey conducted in 2022 and extends these models to examine preferences for taking surveys on computers vs. mobile devices. In the ",random_sample_395
Frequency reproducibility of solid-state thorium-229 nuclear clocks,2026,"Ooi, T; Doyle, JF; Zhang, CK; Higgins, JS; Ye, J; Beeks, K; Sikorsky, T; Schumm, T",NATURE,10.1038/s41586-025-09999-5,WOS:001672896000001,"Solid-state thorium-229 (229Th) nuclear clocks1, 2, 3, 4-5 are set to provide new opportunities for precision metrology and fundamental physics6, 7-8. Taking advantage of inherent low sensitivity of a nuclear transition to its environment9, orders of magnitude more emitters can be hosted in a solid-state crystal compared with current optical lattice atomic clocks10. Furthermore, solid-state systems needing only simple thermal control11 are key to the development of field-deployable compact clocks. Here we explore and characterize the frequency reproducibility of the 229Th:CaF2 nuclear clock tr",random_sample_395
The long-term effect of repeated exposure to degraded nature via immersive virtual reality on environmental awareness and pro-conservation behavioral intention: A longitudinal approach,2026,"Nouri, I; Chaabane, K; Bouzaabia, R",NATURE CONSERVATION-BULGARIA,10.3897/natureconservation.63.176597,WOS:001766713500001,"Immersive virtual reality is increasingly being used as a tool for promoting environmental awareness, particularly to strengthen engagement with nature. However, most research has focused on the short-term effects of a single exposure, neglecting the issue of sustainability and the potential reinforcement of effects through repeated exposure. Furthermore, few studies have examined the role of affective factors such as love and care for nature in this context. The aim of this study was to examine short-and long-term differences in levels of environmental awareness and pro-conservation behaviora",random_sample_395
Representativeness and ecological alignment of Japan's marine protected areas: A reproducible national baseline and priority gaps for 30×30,2026,"Li, LY; Xu, ZH; Yan, YR",OCEAN & COASTAL MANAGEMENT,10.1016/j.ocecoaman.2026.108307,WOS:001827909200001,"Area-based conservation targets can conceal ecological bias. This study establishes a reproducible national baseline for the representativeness and ecological alignment of Japan's designated MPA/OECM estate. OBIS and GBIF records from 2000 to 2025 were harmonized and summarized on 20-km and 25-km equal-area grids, and label-specific Q90 hotspots were identified from positive occurrence-based biodiversity values. Designation coverage was evaluated alongside a study-specific Gini-based protection-alignment index (PAI), while ecological gaps were ranked on a common grid using transparent patch at",random_sample_395
One questionnaire-Two points in time: Has plant species knowledge of laypeople changed over a period of 20 years?,2026,"Lindemann-Matthies, P; Gellesch, T; Matthies, D",PEOPLE AND NATURE,10.1002/pan3.70331,WOS:001747734300001,"Concern has been raised that in recent decades knowledge of plant species has severely declined in western countries. However, in the absence of regularly repeated and standardized surveys, no reliable statement can be made as to whether plant species knowledge has actually declined in recent decades. The present study aimed to contribute to filling this knowledge gap by repeating a survey on the knowledge of plant species 20 years later. Laypeople (all adults) were asked to identify 15 common wild plant species of Germany, which were presented to them as photographs. Based on previous researc",random_sample_395
Self-reported perception of statistical literacy: Evidence from a National Survey of US Adults,2026,"Anyaso-Samuel, S; Ramos, ML",PLOS ONE,10.1371/journal.pone.0350282,WOS:001803132700041,"Amid growing recognition of the role statistical literacy plays in informed decision-making, we examined self-reported statistical literacy and willingness to apply statistical reasoning in everyday contexts using data if they understood statistics better through secondary data analysis of a nationally representative survey of U.S. adults. The survey showed that 62% of U.S. adults self-report having little to no idea what statistics or statistical concepts like p-values are, but 90% of them would base decisions on reported statistics at least sometimes if they understood them better. Survey-we",random_sample_395
"Valuing tourist perception of cultural ecosystem services of Nubra Valley, Ladakh",2026,"Dolma, T; Tashi, T; Sharma, A; Uniyal, SK",PROCEEDINGS OF THE INDIAN NATIONAL SCIENCE ACADEMY,10.1007/s43538-026-00747-5,WOS:001727722600001,"The Nubra valley in Ladakh, a high-altitude cold desert region of the Trans-Himalaya, offers substantial Cultural Ecosystem Services (CES) that contribute significantly to human welfare and resource sustainability through services like aesthetics, recreation, deep-rooted spirituality and cultural identity. This research applies the Individual Travel Cost Method (ITCM) to economically appraise the CES perceived by tourists visiting Nubra Valley. Based on primary data from 100 respondents from major tourist locations, CES were classified into seven categories and evaluated for satisfaction and w",random_sample_395
"Effect of goal setting, attentional focus, and feedback on resistance training: Stage 1 registered report of a factorial randomized controlled trial",2026,"Lin, TY; Liao, CJ; Chang, C; Hung, TM",PSYCHOLOGY OF SPORT AND EXERCISE,10.1016/j.psychsport.2025.103006,WOS:001714333000001,"Numerous aspects of resistance exercise-such as the structural components of training sessions, program design, and physical training parameters-have been extensively analyzed. However, the psychological factors affecting resistance training have received less attention. Factors such as goal setting, attentional focus, and feedback are recognized as potential influences on its effectiveness. Upon reviewing the relevant literature, several limitations and knowledge gaps have been identified within each of these three topics in resistance training. Among these issues, two concerns were consisten",random_sample_395
Understanding private landowner strategies for wild pig management using cluster analysis and structural equation modeling,2026,"Tian, NN; Gan, JB",SCIENTIFIC REPORTS,10.1038/s41598-026-41507-1,WOS:001739934700009,"Wild pigs (Sus scrofa) pose a significant threat, causing substantial ecological and economic damage to natural ecosystems, agriculture, and forestry through destructive behaviors of wallowing and rooting. Addressing this widespread issue urgently requires effective and sustained management strategies, especially involving private landowners, who are a critical stakeholder group in the West Gulf Coastal Plain (WGCP). This study aims to identify landowner typologies in wild pig management and to examine factors influencing their intentions to engage in such efforts in Arkansas, Louisiana, and E",random_sample_395
Responding as Expected? The Effects of Survey Mode on Estimates of Sensitive Attitudes in Self-Completion and Face-to-Face Interviews of the European Social Survey,2026,"Szeitl, B; Ságvári, B; Messing, V",SURVEY RESEARCH METHODS,10.18148/srm/2026.v20i1.8251,WOS:001742541800006,"Conducting face-to-face surveys is increasingly challenging. The evolving technological and social landscape of survey data collection is prompting researchers to seek more sustainable solutions through new data collection techniques and a rethinking of traditional survey methods. Recent examples include the Push-to-Web (PtW) survey experiments initiated by the European Social Survey (ESS) research consortium, which use probability sampling to reach respondents via postal invitation and combine web- and paper-based self-completion questionnaires. The literature indicates that the data collecti",random_sample_395
"A Systematic Review of Place-Based Cultural Ecosystem Service Assessments: Categories, Methods, and Research Trends",2026,"Pan, Y; Hashim, NHN; Goh, HC",SUSTAINABILITY,10.3390/su18020644,WOS:001671313400001,"Cultural ecosystem services are intangible benefits people gain from ecosystems that enhance well-being. However, the Millennium Ecosystem Assessment indicates that about 70% of cultural ecosystem services are degraded or unsustainably used. To mitigate this decline, many regions and policies promote the assessment and mapping of cultural ecosystem services. Since 2005, related research and publications have increased, yet place-based cultural ecosystem services assessments remain limited. This study aims to clarify key aspects of cultural ecosystem services assessment, including categories, m",random_sample_395
Employees' Intentions to Engage in Green Practices: A Multilevel Extended Theory of Planned Behavior Perspective,2026,"Bonfanti, RC; Billeci, N; Lavanco, G; Ruggieri, S",SUSTAINABILITY,10.3390/su18010486,WOS:001657652800001,"In recent years, organizations have increasingly promoted and integrated employees' environmentally sustainable behaviors and practices as part of a strategic approach to enhance corporate reputation, demonstrate environmental stewardship, and respond to pressing ecological imperatives. This study explores the psychological factors that motivate employees' intentions to engage in green behaviors within organizational settings, following the Theory of Planned Behavior (TPB). We extend the model by incorporating a conceptually multilevel perspective, examining antecedents at the organizational, ",random_sample_395
Driving Factors of Purchase Intention Toward Bashu Intangible Cultural Heritage Products: An Extended Theory of Planned Behavior Approach,2026,"Zhang, X; Zhu, XC; Pei, RY; Su, ZQ",SUSTAINABILITY,10.3390/su18031593,WOS:001688062400001,"Intangible cultural heritage products (ICHPs) function as an important medium through which regional cultural values are communicated within tourism consumption, thereby supporting the sustainability of cultural heritage practices. However, existing research provides limited insight into the psychological mechanisms underlying region-specific purchase intentions. To address this gap, this study extends the Theory of Planned Behavior (TPB) by incorporating cultural identity and consumer knowledge as antecedent variables and product scarcity as a moderating factor, with the aim of explaining tou",random_sample_395
Generative Artificial Intelligence for SDG 4: Enhancing Sustainable Quality Learning,2026,"Lardhi, JS; Ismail, AF",SUSTAINABILITY,10.3390/su18052498,WOS:001713847900001,"Recent shifts in teacher perspectives indicate that generative artificial intelligence (GenAI) has begun to transform long-standing patterns of routine and repetition in educational practice. This study investigates how educators across different educational levels within an Arab educational context perceive the role of GenAI in fostering sustainable teaching and learning. It examines its influence on learning processes, instructional practices, and educational continuity. Adopting a qualitative research design, the study draws on focus group discussions to capture teachers' perspectives and a",random_sample_395
Conservation social science: Understanding and integrating human dimensions to improve conservation,2017,,,10.1016/j.biocon.2016.10.006,,,repo_already_cited
Why People Do What They Do: An Interdisciplinary Synthesis of Human Action Theories,2022,,,10.1146/annurev-environ-020422-125351,,,repo_already_cited
Use of theories of human action in recent conservation research,2025,,,10.1111/cobi.14461,,,repo_already_cited
An integrative framework for transformative social change: a case in global wildlife trade,2022,,,10.1007/s11625-021-01081-z,,,repo_already_cited
"Setting a Definition, Context, and Theory-Based Research Agenda for the Gamification of Non-Gaming Applications",2018,,,,,,repo_already_cited
Using digital mobile games to increase the support for nature conservation,2024,,,10.1111/csp2.13236,,,repo_already_cited
Motivated Attention in Climate Change Perception and Action,2019,,,10.3389/fpsyg.2019.01541,,,repo_already_cited
Understanding the Diversity of Public Interests in Wildlife Conservation,2010,,,10.1111/j.1523-1739.2009.01374.x,,,repo_already_cited
Stakeholders perceptions of the endangered Egyptian vulture: Insights for conservation,2018,,,10.1016/j.biocon.2017.09.028,,,repo_already_cited
Iconic manakins and despicable grackles: Comparing cultural ecosystem services and disservices across stakeholders in Costa Rica,2019,,,10.1016/j.ecolind.2019.105454,,,repo_already_cited
"Does psychic numbing apply to endangered species conservation? The case of the Peregrine Falcon in Berkeley, California",2025,,,10.3389/fcosc.2025.1490272,,,repo_already_cited
The NR-6: a new brief measure of nature relatedness,2013,,,10.3389/fpsyg.2013.00813,,,repo_already_cited
Thematic Analysis,,,,,,,repo_already_cited
Full article: Nature Relatedness Scale: psychometric properties of the Portuguese version,,,,,,,repo_already_cited
Attitudes toward Animals: Age-Related Development among Children,1985,,,10.1080/00958964.1985.9942709,,,repo_already_cited
Psychometric properties of the Environmental Identity Scale (EID),2011,,,10.1174/217119711794394653,,,repo_already_cited
Design and Psychometric Properties of the BAtSS: A New Tool to Assess Attitudes towards Bats,2021,,,10.3390/ani11020244,,,repo_already_cited
Brief Measures of the Animal Attitude Scale,2015,,,10.2752/089279315X14129350721894,,,repo_already_cited
Evaluation of the use of psychometric scales in human–wildlife interaction research to determine attitudes and tolerance toward wildlife,2021,,,10.1111/cobi.13599,,,repo_already_cited
Human Dimensions of Pollinator Conservation: The Development and Testing of Survey Measures for Best Management Practice Adoption,2021,,,10.1080/08941920.2020.1843744,,,repo_already_cited
Urban community gardens foster positive human-avian interactions across an income gradient in San Francisco,2025,,,10.1016/j.landurbplan.2025.105391,,,repo_already_cited
The birds and the trees: Avian ecosystem (dis)service perspectives and farmers' willingness to plant native trees in the agricultural landscape of the Galapagos Islands,2025,,,10.1002/pan3.70177,,,repo_already_cited
Narrative transportation: A systematic literature review and future research agenda,2024,,,10.1002/mar.22011,,,repo_already_cited
